date,INFLATION,UNEMPLOYMENT,CONSUMER_SENTIMENT,High_Yield_Bond_SPREAD,10-2Year_Treasury_Yield_Bond,TAUX_FED,INFLATION_delta,UNEMPLOYMENT_delta,CONSUMER_SENTIMENT_delta,High_Yield_Bond_SPREAD_delta,10-2Year_Treasury_Yield_Bond_delta,TAUX_FED_delta,INFLATION_zscore,UNEMPLOYMENT_zscore,CONSUMER_SENTIMENT_zscore,High_Yield_Bond_SPREAD_zscore,10-2Year_Treasury_Yield_Bond_zscore,TAUX_FED_zscore,INFLATION_pos_score,UNEMPLOYMENT_pos_score,CONSUMER_SENTIMENT_pos_score,High_Yield_Bond_SPREAD_pos_score,10-2Year_Treasury_Yield_Bond_pos_score,TAUX_FED_pos_score,INFLATION_var_score,UNEMPLOYMENT_var_score,CONSUMER_SENTIMENT_var_score,High_Yield_Bond_SPREAD_var_score,10-2Year_Treasury_Yield_Bond_var_score,TAUX_FED_var_score,INFLATION_combined,UNEMPLOYMENT_combined,CONSUMER_SENTIMENT_combined,High_Yield_Bond_SPREAD_combined,10-2Year_Treasury_Yield_Bond_combined,TAUX_FED_combined,score_Q1,score_Q2,score_Q3,score_Q4,assigned_quadrant
2025-08-31,322.132,4.2,60.7,2.89,0.58,4.33,0.0,0.0,0.0,0.010489510489510577,0.34883720930232553,0.0,-0.9110820557754192,-0.04027985381408843,0.03105510929775083,0.0762014109869556,0.3535190423399404,-0.24837420469007507,2,0,-1,-1,0,2,0,0,0,0,0,0,2,0,-1,-1,0,2,1,2,3,2,3
2025-08-31,322.132,4.2,60.7,2.89,0.58,4.33,0.0,0.0,0.0,0.010489510489510577,0.34883720930232553,0.0,-0.9110820557754192,-0.04027985381408843,0.03105510929775083,0.0762014109869556,0.3535190423399404,-0.24837420469007507,2,0,-1,-1,0,2,0,0,0,0,0,0,2,0,-1,-1,0,2,1,2,3,2,3
2025-07-31,320.58,4.1,52.2,2.88,0.47,4.33,0.0,0.0,0.0,-0.027027027027027053,-0.09615384615384624,0.0,-0.8980190157215954,-0.03865122981636181,0.06056024396538541,-0.2396418261638174,-0.1684162384265907,-0.24837420469007507,2,0,-2,-1,0,2,0,0,0,0,0,0,2,0,-2,-1,0,2,1,2,3,2,3
2005-01-31,191.6,5.3,95.5,3.29,0.85,2.28,,,,,,,,,,,,,-1,0,1,0,0,1,0,0,0,0,0,0,-1,0,1,0,0,1,3,2,0,1,1
2005-02-28,192.4,5.4,94.1,2.83,0.77,2.5,0.0041753653444677,0.018867924528301987,-0.014659685863874405,-0.1398176291793313,-0.09411764705882349,0.09649122807017553,,,,,,,-1,0,1,-1,0,1,0,0,0,0,0,0,-1,0,1,-1,0,1,4,2,0,2,1
2005-03-31,193.1,5.2,92.6,3.52,0.7,2.63,0.003638253638253579,-0.03703703703703707,-0.015940488841657812,0.24381625441696111,-0.09090909090909098,0.051999999999999956,,,,,,,-1,0,1,0,0,1,0,0,0,0,0,0,-1,0,1,0,0,1,3,2,0,1,1
2005-04-30,193.7,5.2,87.7,4.19,0.55,2.79,0.003107198342827521,0.0,-0.052915766738660816,0.1903409090909092,-0.21428571428571416,0.06083650190114074,-2.105373831546055,0.22980970388562655,-41.53379158867497,0.5099772734805232,-53.67277186720932,-0.4262266757235556,-1,0,1,0,0,1,-2,0,-2,0,-2,0,-3,0,-1,0,-2,1,2,1,2,2,1
2005-05-31,193.6,5.1,86.9,4.13,0.4,3.0,-5.162622612286748E-4,-0.019230769230769332,-0.009122006841505098,-0.014319809069212527,-0.27272727272727276,0.07526881720430106,-7.78251420657131,-0.4632298692851352,0.8614515880326878,-0.5411113016276904,-1.985437696992539,0.2332025055923985,-1,0,1,0,-1,1,-2,0,0,0,-1,0,-3,0,1,0,-2,1,3,2,1,1,1
2005-06-30,193.7,5.0,96.0,3.85,0.28,3.04,5.165289256198053E-4,-0.019607843137254832,0.10471806674338313,-0.06779661016949148,-0.3,0.013333333333333345,-0.9816740181990997,-0.4249743315513427,6.375712631974886,-0.771027902001544,-1.4602071368817557,-2.976043283371366,-1,0,1,0,-1,1,0,0,2,0,-1,-2,-1,0,3,0,-2,-1,2,1,2,2,1
2005-07-31,194.9,5.0,96.5,3.3,0.26,3.26,0.006195147134744538,0.0,0.005208333333333333,-0.14285714285714293,-0.07142857142857148,0.0723684210526315,1.9453260737030362,0.5327512781965507,0.04671893325585739,-1.1122732093107048,1.254354859592647,0.4143702815398902,-1,0,1,0,-1,1,1,0,0,-1,1,0,0,0,1,-1,0,1,3,2,0,1,1
2005-08-31,196.1,4.9,89.1,3.66,0.18,3.5,0.0061570035915853695,-0.019999999999999928,-0.07668393782383426,0.1090909090909092,-0.30769230769230776,0.07361963190184057,1.3398306076096733,-0.532938646236525,-1.4880228071384287,0.5836188893340405,-1.3239517664306197,0.4238997995982627,-1,0,1,0,-1,2,1,0,-1,0,-1,0,0,0,0,0,-2,2,1,1,1,0,1
2005-09-30,198.8,5.0,76.9,3.54,0.16,3.62,0.013768485466598762,0.020408163265306048,-0.13692480359147013,-0.03278688524590167,-0.11111111111111106,0.034285714285714315,4.0565479995938505,1.7055563737667925,-2.240280171739403,-0.37135058609489097,0.7786853648382142,-1.1193286941144442,-1,0,0,0,-1,2,2,1,-2,0,0,-1,1,1,-2,0,-1,1,2,3,3,1,2
2005-10-31,199.1,5.0,74.2,3.61,0.17,3.78,0.0015090543259556484,0.0,-0.03511053315994802,0.01977401129943498,0.06250000000000006,0.044198895027624224,-0.7101748242549168,0.3477094864739233,-0.15132416154271477,0.010665860839596008,2.414117669678879,-0.5944363255076557,-1,0,0,0,-1,2,0,0,0,0,2,0,-1,0,0,0,1,2,2,1,0,2,1
2005-11-30,198.1,5.0,81.6,3.67,0.07,4.0,-0.005022601707684581,0.0,0.09973045822102414,0.016620498614958464,-0.5882352941176471,0.05820105820105825,-2.194468289463628,0.32790764611223044,1.9170421992249653,-0.012836578802364685,-3.451399960886235,0.006239420454188657,-1,0,0,0,-1,2,-2,0,1,0,-2,0,-3,0,1,0,-3,2,3,2,1,1,1
2005-12-31,198.1,4.9,91.5,3.71,-0.02,4.16,0.0,-0.019999999999999928,0.12132352941176479,0.010899182561307912,-1.2857142857142858,0.040000000000000036,-0.6753708288945944,-0.7883095520806895,1.8336520339877318,-0.056458461570731505,-6.0111235469521676,-0.7645400390179596,-1,0,1,0,-1,2,0,0,1,0,-2,0,-1,0,2,0,-3,2,3,2,1,1,1
2006-01-31,199.3,4.7,91.2,3.42,-0.01,4.29,0.006057546693589183,-0.040816326530612276,-0.0032786885245901327,-0.07816711590296498,-0.5,0.031249999999999972,0.6247825854318331,-1.9028253341224726,-0.028996979445496746,-0.7793577231336152,-0.5471499040149495,-1.091323121302016,-1,0,1,0,-1,2,0,-1,0,0,0,-1,-1,-1,1,0,-1,1,3,2,2,2,1
2006-02-28,199.4,4.8,86.7,3.37,-0.14,4.49,5.017561465127662E-4,0.021276595744680774,-0.049342105263157895,-0.014619883040935621,13.0,0.04662004662004666,-0.5984019512956181,1.5866622128527974,-0.6277209975700359,-0.20103987270334733,37.244415122662176,-0.33254041769661874,-1,0,1,0,-1,2,0,1,0,0,2,0,-1,1,1,0,1,2,4,3,0,2,1
2006-03-31,199.7,4.7,88.9,3.13,0.04,4.59,0.00150451354062178,-0.02083333333333326,0.025374855824682845,-0.07121661721068255,-1.2857142857142858,0.022271714922048918,-0.3476783942926804,-0.6514425307504451,0.404407236015133,-0.6840272062155947,-0.5380543468890766,-1.412207808071734,-1,0,1,0,-1,2,0,0,0,0,0,-1,-1,0,1,0,-1,1,3,2,1,1,1
2006-04-30,200.7,4.7,87.4,3.04,0.2,4.79,0.005007511266900351,0.0,-0.016872890888638917,-0.0287539936102236,4.0,0.043572984749455375,0.46455194343102196,0.4148225627432366,-0.19634008869569472,-0.2731488012747867,0.9528201182418852,-0.343961896602434,-1,0,1,0,-1,2,0,0,0,0,0,0,-1,0,1,0,-1,2,3,2,1,1,1
2006-05-31,201.3,4.6,79.1,3.12,0.08,4.94,0.0029895366218237306,-0.021276595744680965,-0.09496567505720836,0.026315789473684233,-0.6,0.03131524008350738,-0.02750523234824613,-0.6901941125668946,-1.3100291422897552,0.24124167189437554,-0.389617292885294,-0.882633299960311,-1,0,0,0,-1,2,0,0,-1,0,0,0,-1,0,-1,0,-1,2,2,1,2,2,1
2006-06-30,201.8,4.6,84.9,3.35,-0.01,4.99,0.0024838549428713363,0.0,0.07332490518331242,0.0737179487179487,-1.125,0.010121457489878506,-0.14963764442591518,0.4508559819118811,1.162364761120529,0.6828038698988165,-0.5270781014574959,-1.7961808886451824,-1,0,0,0,-1,2,0,0,1,0,0,-1,-1,0,1,0,-1,1,3,2,1,1,1
2006-07-31,202.9,4.7,84.7,3.45,0.02,5.24,0.005450941526263599,0.021739130434782726,-0.0023557126030624596,0.029850746268656744,-3.0,0.0501002004008016,0.5991755181515638,1.5996080074231278,0.029599793399065166,0.23106609563335023,-1.0597446758189064,0.1154511232322395,-1,0,0,0,-1,2,0,1,0,0,-1,0,-1,1,0,0,-2,2,3,2,1,1,1
2006-08-31,203.8,4.7,82.0,3.49,-0.05,5.25,0.004435682602267154,0.0,-0.03187721369539555,0.011594202898550735,-3.5000000000000004,0.0019083969465648447,0.3173606280414716,0.33301844985695295,-0.39546308703887706,0.04335231897838102,-1.1459763501691826,-2.0086671178860622,-1,0,0,0,-1,2,0,0,0,0,-1,-2,-1,0,0,0,-2,0,1,0,1,1,1
2006-09-30,202.8,4.5,85.4,3.44,-0.07,5.25,-0.004906771344455348,-0.042553191489361736,0.04146341463414641,-0.01432664756446999,0.4000000000000001,0.0,-2.1451757499079602,-1.922223982424942,0.6960599229353932,-0.2225131492651014,0.05965730264351812,-1.8473779308309113,-1,0,0,0,-1,2,-2,-1,0,0,0,-1,-3,-1,0,0,-1,1,2,1,2,2,1
2006-10-31,201.9,4.4,93.6,3.29,-0.1,5.25,-0.004437869822485235,-0.022222222222222143,0.09601873536299751,-0.04360465116279067,0.4285714285714285,0.0,-1.7645867010518477,-0.7077845188012624,1.4858104986367828,-0.5237555647104011,0.06678685616314457,-1.659803852863998,-1,0,1,0,-1,2,-1,0,1,0,0,-1,-2,0,2,0,-1,1,3,2,1,1,1
2006-11-30,202.0,4.5,92.1,3.2,-0.16,5.25,4.952947003466781E-4,0.022727272727272645,-0.016025641025641028,-0.027355623100303907,0.6,0.0,-0.4642626904813608,1.5762803086595312,-0.2518321178062773,-0.3347515260925489,0.11796999090583306,-1.5202564439076807,-1,0,1,0,-1,2,0,1,0,0,0,-1,-1,1,1,0,-1,1,4,3,1,1,1
2006-12-31,203.1,4.4,91.7,2.89,-0.11,5.24,0.005445544554455417,-0.022222222222222143,-0.004343105320303925,-0.09687500000000002,-0.3125,-0.0019047619047618642,0.7137594426176382,-0.7312143686394658,-0.07212115762851601,-1.0853276820254663,-0.17209954983510664,-1.4801357508234252,-1,0,1,-1,-1,2,0,0,0,-1,0,-1,-1,0,1,-2,-1,1,4,2,1,2,1
2007-01-31,203.437,4.6,96.9,2.72,-0.11,5.25,0.0016592811422945224,0.04545454545454529,0.05670665212649948,-0.05882352941176468,-0.0,0.0019083969465648447,-0.21123199428477094,2.6256758573808527,0.8590461188951862,-0.6210384993474248,-0.06768687648268645,-1.2470929534441257,-1,0,1,-1,-1,2,0,2,0,0,0,-1,-1,2,1,-1,-1,1,5,3,1,2,1
2007-02-28,204.226,4.5,91.3,2.82,-0.09,5.26,0.0038783505458691745,-0.021739130434782532,-0.05779153766769874,0.03676470588235281,-0.18181818181818185,0.0019047619047618642,0.33325853485504875,-0.7109914357789483,-0.926204241950774,0.45137823736346355,-0.1262120173007149,-1.1827158846931018,-1,0,1,-1,-1,2,0,0,0,0,0,-1,-1,0,1,-1,-1,1,4,2,1,2,1
2007-03-31,205.288,4.4,88.4,2.85,0.07,5.26,0.005200121434097578,-0.022222222222222143,-0.031763417305585885,0.010638297872340514,-1.777777777777778,0.0,0.6538830001602975,-0.711556329229208,-0.4920732295593469,0.14749698442192727,-0.6605952725081672,-1.1934930009334797,-1,0,1,-1,-1,2,0,0,0,0,0,-1,-1,0,1,-1,-1,1,4,2,1,2,1
2007-04-30,205.904,4.5,87.1,2.74,0.03,5.25,0.003000662483924951,0.022727272727272645,-0.014705882352941305,-0.03859649122807013,-0.5714285714285715,-0.001901140684410606,0.08421649781721384,1.3361741233058173,-0.21407519689121776,-0.4191387488043316,-0.23209234420977376,-1.2047004057679818,-1,0,1,-1,-1,2,0,1,0,0,0,-1,-1,1,1,-1,-1,1,5,3,1,2,1
2007-05-31,206.755,4.4,88.3,2.46,-0.02,5.25,0.004132994016629104,-0.022222222222222143,0.013777267508610826,-0.1021897810218979,-1.6666666666666667,0.0,0.3724918042619371,-0.7307699986980802,0.24338411270588314,-1.150398938527807,-0.6074562709063235,-1.086306390044624,-1,0,1,-1,-1,2,0,0,0,-1,0,-1,-1,0,1,-2,-1,1,4,2,1,2,1
2007-06-30,207.234,4.6,85.3,2.98,0.16,5.25,0.0023167517109623148,0.04545454545454529,-0.03397508493771235,0.21138211382113822,-9.0,0.0,-0.10738224158940532,2.3275975897434638,-0.5349083678821795,2.5275263479271923,-3.166571373045761,-1.0448445892420286,-1,0,0,-1,-1,2,0,2,0,2,-2,-1,-1,2,0,1,-3,1,3,3,2,1,1
2007-07-31,207.603,4.7,90.4,4.19,0.22,5.26,0.0017805958481716309,0.021739130434782726,0.05978898007034008,0.406040268456376,0.375,0.0019047619047618642,-0.2475651736653989,1.102171566575959,1.0161664417381735,4.313321766276432,0.20344288581743109,-0.9429407560999007,-1,0,1,0,-1,2,0,1,1,2,0,0,-1,1,2,2,-1,2,4,4,2,1,1
2007-08-31,207.667,4.6,83.4,4.55,0.39,5.02,3.0828070885292094E-4,-0.021276595744680965,-0.07743362831858407,0.08591885441527432,0.7727272727272728,-0.045627376425855556,-0.6397288541804154,-0.7325504128887284,-1.2706932635092107,0.6063364864848538,0.3240239569114948,-2.5372601856266104,-1,0,0,0,-1,2,0,0,-1,0,0,-2,-1,0,-1,0,-1,0,1,0,2,2,3
2007-09-30,208.547,4.7,83.4,4.2,0.62,4.94,0.004237553390765001,0.021739130434782726,0.0,-0.07692307692307684,0.5897435897435896,-0.01593625498007952,0.4433935398271636,1.0946811973736177,0.04127206067244319,-0.7977509752486964,0.2604405744282988,-1.3299900867265557,-1,0,0,0,0,2,0,1,0,0,0,-1,-1,1,0,0,0,1,3,2,0,1,1
2007-10-31,209.19,4.7,80.9,4.36,0.54,4.76,0.0030832378312802425,0.0,-0.029976019184652276,0.038095238095238126,-0.12903225806451607,-0.036437246963562875,0.11708757420653602,0.1456924049780749,-0.45502141923050027,0.21092863677320528,0.025111985520079268,-1.9127181212274822,-1,0,0,0,0,2,0,0,0,0,0,-1,-1,0,0,0,0,1,2,1,0,1,1
2007-11-30,210.834,4.7,76.1,5.75,0.93,4.49,0.007858884267890462,0.0,-0.05933250927070471,0.3188073394495412,0.7222222222222222,-0.05672268907563017,1.4524470053880152,0.14349043815424306,-0.9384456671298045,2.657268698701176,0.3027873303853033,-2.393456969693812,-1,0,0,1,0,2,1,0,0,2,0,-2,0,0,0,3,0,0,0,1,1,0,2
2007-12-31,211.445,5.0,75.5,5.92,0.99,4.24,0.0028980145517325953,0.0638297872340425,-0.007884362680683238,0.029565217391304334,0.064516129032258,-0.05567928730512249,0.020430733680522336,2.9025418918611177,-0.0494139313452081,0.05075615052342165,0.08016832217812411,-2.1481466231429365,-1,0,0,1,0,2,0,2,0,0,0,-2,-1,2,0,1,0,0,2,2,1,1,1
2008-01-31,212.174,5.0,78.4,6.95,1.5,3.94,0.003447705076970434,0.0,0.03841059602649014,0.17398648648648654,0.5151515151515151,-0.07075471698113213,0.17394268759196305,0.05311301205717285,0.7398901899498767,1.2289383253038555,0.23053859791546163,-2.39109780277542,-1,0,0,1,1,2,0,0,0,1,0,-2,-1,0,0,2,1,0,1,1,1,2,4
2008-02-29,212.687,4.9,70.8,7.67,1.88,2.98,0.0024178268779398286,-0.019999999999999928,-0.09693877551020419,0.10359712230215823,0.25333333333333324,-0.24365482233502536,-0.12072326857122835,-0.7451454017016546,-1.5969815425580647,0.6161131463920909,0.13799762006277633,-6.541044038064463,-1,0,-1,1,1,1,0,0,-1,0,0,-2,-1,0,-2,1,1,-1,1,1,3,4,4
2008-03-31,213.448,5.1,69.5,8.21,1.83,2.61,0.0035780278061188302,0.040816326530612096,-0.018361581920903914,0.07040417209908748,-0.02659574468085097,-0.1241610738255034,0.2147078412321418,1.7111121734521215,-0.2021426066875588,0.33323814614917774,0.03939917855767567,-2.2994827723603017,-1,0,-1,1,1,1,0,1,0,0,0,-2,-1,1,-1,1,1,-1,2,2,3,4,4
2008-04-30,213.942,5.0,62.6,6.86,1.48,2.28,0.0023143810202016406,-0.019607843137254832,-0.09928057553956833,-0.1644336175395859,-0.19125683060109294,-0.12643678160919544,-0.15654974562398902,-0.740671980947422,-1.577446391349649,-1.6162857357096312,-0.018796256774892522,-2.160359228131647,-1,0,-1,1,1,1,0,0,-1,-1,0,-2,-1,0,-2,0,1,-1,1,0,2,4,4
2008-05-31,215.208,5.4,59.8,6.53,1.4,1.98,0.0059174916566171725,0.08000000000000007,-0.0447284345047924,-0.04810495626822158,-0.054054054054054106,-0.131578947368421,0.9095462161902581,3.199233825522463,-0.5969120850330059,-0.599434807823381,0.030152227930350266,-2.0935923632046687,-1,0,-1,1,1,1,0,2,0,0,0,-2,-1,2,-1,1,1,-1,2,2,3,4,4
2008-06-30,217.463,5.6,56.4,7.35,1.36,2.0,0.010478235009850914,0.0370370370370369,-0.056856187290969876,0.12557427258805504,-0.02857142857142844,0.01010101010101011,2.239256909316005,1.2857978784694295,-0.7914038788362547,0.8324013901978332,0.03894786399738093,0.16966306004976286,-1,0,-2,1,0,1,2,1,0,0,0,0,1,1,-2,1,0,1,2,4,3,1,2
2008-07-31,219.016,5.8,61.2,8.0,1.47,2.01,0.007141444751520936,0.03571428571428575,0.08510638297872349,0.08843537414965992,0.08088235294117638,0.004999999999999893,1.1424684152675548,1.198293495459678,1.6294388942418272,0.5101413000307431,0.0783498798445056,0.08992577194567884,-1,0,-1,1,1,1,1,1,1,0,0,0,0,1,0,1,1,1,2,3,1,1,2
2008-08-31,218.69,6.1,63.0,8.36,1.47,2.0,-0.0014884757278006786,0.051724137931034454,0.029411764705882304,0.04499999999999993,0.0,-0.004975124378109347,-1.3193770771493416,1.7258471436531988,0.6347835991517895,0.1422739700718783,0.04760353966540825,-0.06484592693233512,-1,1,-1,2,1,1,-1,1,0,0,0,0,-2,2,-1,2,1,1,3,3,2,3,1
2008-09-30,218.877,6.1,70.3,10.96,1.85,1.81,8.550916822900537E-4,0.0,0.11587301587301582,0.3110047846889954,0.2585034013605443,-0.09499999999999997,-0.6233668836980406,-0.12640765794462855,2.0723432816114826,2.373443513774087,0.14353434758841763,-1.4680924139126605,-1,1,-1,2,1,1,0,0,2,2,0,-1,-1,1,1,4,1,0,3,3,1,2,1
2008-10-31,216.995,6.5,57.6,16.17,2.45,0.97,-0.008598436564828671,0.06557377049180334,-0.18065433854907534,0.47536496350364965,0.32432432432432434,-0.4640883977900553,-3.2739041993115596,2.1515876280076265,-2.836559972041887,3.51935687009089,0.1667479345420276,-7.100117154829119,-1,1,-2,2,2,0,-2,2,-2,2,0,-2,-3,3,-4,4,2,-2,2,2,3,4,4
2008-11-30,213.153,6.8,55.3,19.88,1.93,0.39,-0.017705477084725516,0.04615384615384613,-0.03993055555555563,0.22943722943722925,-0.21224489795918375,-0.5979381443298969,-5.22813531197514,1.3755034707262626,-0.46511755198961363,1.3198939707742732,-0.03997523394085298,-6.216628371049297,-1,1,-2,2,1,0,-2,1,0,1,0,-2,-3,2,-2,3,1,-2,2,2,3,4,4
2008-12-31,211.398,7.3,60.1,18.12,1.49,0.16,-0.008233522399403224,0.07352941176470588,0.08679927667269448,-0.08853118712273632,-0.22797927461139894,-0.5897435897435898,-2.150919011505843,2.239005326411038,1.4619993703419307,-0.9701720317860483,-0.04562221084031234,-4.445855872464433,-1,1,-1,2,1,0,-2,2,1,0,0,-2,-3,3,0,2,1,-2,2,2,2,3,4
2009-01-31,211.933,7.8,61.2,16.26,1.93,0.15,0.0025307713412614907,0.0684931506849315,0.018302828618968408,-0.10264900662251653,0.29530201342281875,-0.06250000000000006,0.08311825206835627,1.9438430559252224,0.38800569871482776,-1.0503917541934655,0.15911523032384806,-0.16364423294235858,-1,1,-1,2,1,0,0,1,0,-1,0,0,-1,2,-1,1,1,0,2,2,2,3,4
2009-02-28,212.705,8.3,56.3,17.38,2.02,0.22,0.0036426606521873413,0.06410256410256422,-0.08006535947712427,0.0688806888068879,0.04663212435233165,0.46666666666666673,0.30275076501485826,1.7152727786272643,-1.103868564170586,0.1868950471354112,0.05935279131081235,3.403442358187614,-1,2,-2,2,1,0,0,1,-1,0,0,2,-1,3,-3,2,1,2,3,3,2,3,1
2009-03-31,212.495,8.7,57.3,17.03,1.9,0.18,-9.872828565384356E-4,0.04819277108433717,0.017761989342806397,-0.020138089758342803,-0.05940594059405946,-0.18181818181818185,-0.6275350733658774,1.1660656086514298,0.3969664682776468,-0.4517898658012787,0.016486123150386105,-0.9390335554875334,-1,2,-2,2,1,0,0,1,0,0,0,0,-1,3,-2,2,1,0,2,2,2,3,4
2009-04-30,212.709,9.0,65.1,13.45,2.25,0.15,0.0010070825195886899,0.03448275862068974,0.13612565445026173,-0.21021726365237825,0.18421052631578952,-0.16666666666666666,-0.21705737978934236,0.7247632701297776,2.194048382900172,-1.8172632598870664,0.11443934876151879,-0.8288095029696767,-1,2,-1,2,1,0,0,0,2,-1,0,0,-1,2,1,1,1,0,3,3,1,2,1
2009-05-31,213.022,9.4,68.7,11.7,2.55,0.18,0.0014714939189220397,0.04444444444444448,0.05529953917050705,-0.13011152416356878,0.13333333333333325,0.2,-0.12038730902467538,1.016395656087201,0.8883205180355824,-1.1778404399993787,0.09262375563342003,1.4360044658674123,-1,2,-1,2,2,0,0,1,0,-1,0,1,-1,3,-1,1,2,1,3,3,2,3,1
2009-06-30,214.79,9.5,70.8,10.55,2.42,0.21,0.008299612246622418,0.010638297872340387,0.030567685589519566,-0.09829059829059818,-0.05098039215686271,0.16666666666666666,1.2834075497509758,-0.029280877715882603,0.5091881572912085,-0.9273933398473426,0.016023627914335196,1.1918439778702348,-1,2,-1,2,2,0,1,0,0,0,0,1,0,2,-1,2,2,1,2,3,2,2,2
2009-07-31,214.726,9.5,66.0,9.22,2.39,0.16,-2.9796545463007103E-4,0.0,-0.06779661016949148,-0.12606635071090047,-0.012396694214875952,-0.23809523809523805,-0.5039526891528924,-0.35502338656140264,-0.9549492570920752,-1.106850570312495,0.031879216904941464,-1.2863639119155938,-1,2,-1,2,2,0,0,0,0,-1,0,-1,-1,2,-1,1,2,-1,2,2,3,4,4
2009-08-31,215.445,9.6,65.7,9.12,2.43,0.16,0.0033484533777930667,0.010526315789473648,-0.004545454545454503,-0.01084598698481577,0.01673640167364018,0.0,0.25182191800202586,-0.026082199775569383,3.6949373642318066E-4,-0.2744936183738939,0.043787960231101423,0.1783627374275367,-1,2,-1,2,2,0,0,0,0,0,0,0,-1,2,-1,2,2,0,2,2,2,3,4
2009-09-30,215.861,9.8,73.5,7.93,2.36,0.15,0.0019308872334006212,0.020833333333333447,0.11872146118721456,-0.13048245614035084,-0.028806584362140033,-0.06250000000000006,-0.04470667930309029,0.29564719838501324,1.8466602692680671,-1.1199755966927551,0.02414409021916135,-0.20301288756059613,-1,2,0,1,2,0,0,0,1,-1,0,0,-1,2,1,0,2,0,3,2,0,2,1
2009-10-31,216.509,10.0,70.6,7.6,2.51,0.12,0.003001931798703778,0.020408163265306048,-0.03945578231292525,-0.041614123581336704,0.06355932203389827,-0.2,0.17995866945176006,0.2794379173364344,-0.5440007292727808,-0.4689791087818014,0.06333331422092187,-1.0439287379056272,-1,2,-1,1,2,0,0,0,0,0,0,-1,-1,2,-1,1,2,-1,2,2,3,4,4
2009-11-30,217.234,9.9,67.4,7.65,2.54,0.12,0.003348590589767736,-0.009999999999999964,-0.04532577903682704,0.006578947368421147,0.011952191235059861,0.0,0.25157417688650263,-0.6876270461147067,-0.6245256401118763,-0.12066476449008628,0.040569781432388534,0.20011956391518032,-1,2,-1,1,2,0,0,0,0,0,0,0,-1,2,-1,1,2,0,2,2,2,3,4
2009-12-31,217.347,9.9,72.5,6.39,2.71,0.12,5.201763996427794E-4,0.0,0.07566765578635005,-0.16470588235294126,0.06692913385826768,0.0,-0.3531218902776618,-0.36029782195545945,1.1787177361506764,-1.3506116642811954,0.06409788584098483,0.19834774374337136,-1,2,-1,1,2,0,0,0,1,-1,0,0,-1,2,0,0,2,0,2,1,0,2,1
2010-01-31,217.488,9.8,74.4,6.54,2.81,0.11,6.487322116246883E-4,-0.010101010101010065,0.026206896551724215,0.023474178403755926,0.03690036900369007,-0.0833333333333333,-0.32220235717865636,-0.6812219494353776,0.42329430899072173,0.024523950253754388,0.05040613501706216,-0.32250755593237107,-1,2,0,1,2,0,0,0,0,0,0,0,-1,2,0,1,2,0,2,2,1,2,1
2010-02-28,217.281,9.8,73.6,6.71,2.8,0.13,-9.517766497461637E-4,0.0,-0.010752688172043163,0.02599388379204892,-0.0035587188612100466,0.18181818181818185,-0.6654122055381355,-0.3471346115433042,-0.13152611919869922,0.04246241657177766,0.03211649275641008,1.3449151224779168,-1,2,0,1,2,0,0,0,0,0,0,1,-1,2,0,1,2,1,3,3,1,2,1
2010-03-31,217.353,9.9,73.6,5.84,2.82,0.16,3.313681361923165E-4,0.010204081632653024,0.0,-0.12965722801788376,0.00714285714285715,0.23076923076923075,-0.37878488506383284,-0.01236868640706994,0.03110222078973394,-1.0879133139797965,0.03662388171613272,1.6196750317917068,-1,2,0,1,2,0,0,0,0,-1,0,1,-1,2,0,0,2,1,3,2,0,2,1
2010-04-30,217.403,9.9,72.2,5.61,2.72,0.2,2.3004053314186113E-4,0.0,-0.01902173913043467,-0.03938356164383554,-0.035460992907801296,0.25000000000000006,-0.3975015165290515,-0.3466330406189362,-0.2572918883812144,-0.4144186703615909,0.017194397001188196,1.6917129052565196,-1,2,-1,0,2,0,0,0,0,0,0,1,-1,2,-1,0,2,1,3,2,1,3,1
2010-05-31,217.29,9.6,73.6,6.98,2.55,0.2,-5.197720362644469E-4,-0.030303030303030373,0.019390581717451404,0.24420677361853832,-0.06250000000000014,0.0,-0.5591017577923116,-1.3436763172137944,0.3311780416791154,1.6594213898878118,0.00481467258718077,0.12360250584869452,-1,2,0,1,2,0,0,-1,0,1,0,0,-1,1,0,2,2,0,2,2,1,2,1
2010-06-30,217.199,9.4,76.0,7.13,2.36,0.18,-4.1879515854378836E-4,-0.02083333333333326,0.032608695652173995,0.021489971346704793,-0.07450980392156861,-0.10000000000000009,-0.5310417569732278,-1.0039779217750737,0.5315381269928048,0.007702895526654258,-7.049373683954682E-4,-0.4891244265536303,-1,2,0,1,2,0,0,-1,0,0,0,0,-1,1,0,1,2,0,2,2,1,2,1
2010-07-31,217.605,9.4,67.8,6.59,2.39,0.18,0.001869253541682869,0.0,-0.10789473684210531,-0.07573632538569426,0.012711864406779768,0.0,-0.016007462165721777,-0.30518835437598163,-1.645905311169008,-0.6981356833141533,0.03943167421278318,0.13094299339519685,-1,2,-1,1,2,0,0,0,-1,0,0,0,-1,2,-2,1,2,0,2,2,2,3,4
2010-08-31,217.923,9.5,68.9,6.92,2.0,0.19,0.0014613634796995108,0.010638297872340387,0.0162241887905606,0.050075872534142654,-0.16317991631799167,0.05555555555555561,-0.1074838677089668,0.04874871360742314,0.29421272569812273,0.22663979247768676,-0.042421803425597295,0.4744745458051552,-1,2,-1,1,1,0,0,0,0,0,0,0,-1,2,-1,1,1,0,2,2,2,3,4
2010-09-30,218.275,9.5,68.2,6.26,2.11,0.19,0.001615249422961339,0.0,-0.010159651669085671,-0.09537572254335262,0.05499999999999994,0.0,-0.07186306870336762,-0.3057336422028806,-0.11373978327606153,-0.8429310120413972,0.059831552712110506,0.123594583271076,-1,2,-1,1,1,0,0,0,0,0,0,0,-1,2,-1,1,1,0,2,2,2,3,4
2010-10-31,219.035,9.4,67.7,5.93,2.29,0.19,0.003481846294811549,-0.010526315789473648,-0.007331378299120234,-0.05271565495207669,0.08530805687203799,0.0,0.3541735466843127,-0.6560922752645085,-0.06909993643436833,-0.5185142085919588,0.07366229237582171,0.12268211299394462,-1,2,-1,1,1,0,0,0,0,0,0,0,-1,2,-1,1,1,0,2,2,2,3,4
2010-11-30,219.59,9.8,71.6,6.22,2.36,0.19,0.0025338416234848625,0.042553191489361736,0.057607090103397214,0.04890387858347387,0.03056768558951958,0.0,0.1337974038843373,1.1372173016313853,0.9445561769608363,0.2379904246551019,0.0471723983893667,0.1217895586357693,-1,2,-1,1,2,0,0,1,0,0,0,0,-1,3,-1,1,2,0,2,2,2,3,4
2010-12-31,220.472,9.3,74.5,5.41,2.69,0.18,0.0040165763468282024,-0.0510204081632653,0.04050279329608947,-0.13022508038585204,0.13983050847457631,-0.05263157894736847,0.4754881087940987,-2.0245120011088193,0.6647853061477369,-1.0981322627951948,0.09903212463401927,-0.21468909035275305,0,2,0,0,2,0,0,-2,0,-1,0,0,0,0,0,-1,2,0,1,0,0,2,4
2011-01-31,221.187,9.1,74.2,5.08,2.84,0.17,0.0032430422003701304,-0.021505376344086134,-0.004026845637583855,-0.06099815157116452,0.05576208178438659,-0.055555555555555455,0.29165433683895914,-0.9834161924084939,-0.040091122868702686,-0.5662257090236774,0.05788964624404674,-0.2318965999851933,0,2,0,0,2,0,0,0,0,0,0,0,0,2,0,0,2,0,1,1,0,1,1
2011-02-28,221.898,9.0,77.5,4.78,2.73,0.16,0.0032144746300640827,-0.01098901098901095,0.04447439353099727,-0.059055118110236185,-0.03873239436619714,-0.058823529411764754,0.2827951855004978,-0.6241348006952703,0.7260295429216503,-0.5465455718523345,0.011706313939757653,-0.2513393624466035,0,2,0,0,2,0,0,0,0,0,0,0,0,2,0,0,2,0,1,1,0,1,1
2011-03-31,223.046,9.0,67.5,4.77,2.67,0.14,0.005173548206833753,0.0,-0.12903225806451613,-0.002092050209205162,-0.021978021978021997,-0.12499999999999993,0.7419151737334797,-0.25519144759593326,-2.030403405647293,-0.11381138049862585,0.019801720092891377,-0.6800827277318964,0,2,-1,0,2,0,0,0,-2,0,0,0,0,2,-3,0,2,0,1,1,1,2,4
2011-04-30,224.093,9.1,69.8,4.76,2.71,0.1,0.004694098975099294,0.011111111111111072,0.034074074074074034,-0.002096436058700165,0.014981273408239714,-0.28571428571428575,0.6209672234758228,0.11608030451720038,0.5693120104929182,-0.11307351793166079,0.03782710066140672,-1.722957560263313,0,2,-1,0,2,0,0,0,0,0,0,-1,0,2,-1,0,2,-1,1,1,2,3,4
2011-05-31,224.806,9.0,74.3,5.09,2.6,0.09,0.003181714734507648,-0.01098901098901095,0.06446991404011461,0.06932773109243699,-0.040590405904059,-0.10000000000000009,0.25660869581470513,-0.6244897024904154,1.0382613566295822,0.43152730378591764,0.010089073869696439,-0.48094037708880344,0,2,0,0,2,0,0,0,1,0,0,0,0,2,1,0,2,0,2,2,0,1,1
2011-06-30,224.806,9.1,71.5,5.42,2.73,0.09,0.0,0.011111111111111072,-0.037685060565275874,0.06483300589390964,0.049999999999999954,0.0,-0.5044616287727572,0.1240305305025785,-0.5679878366264628,0.3937737341215804,0.055134873866512266,0.17097572363694646,0,2,-1,0,2,0,0,0,0,0,0,0,0,2,-1,0,2,0,1,1,1,2,4
2011-07-31,225.395,9.0,63.7,5.58,2.46,0.07,0.0026200368317571532,-0.01098901098901095,-0.10909090909090906,0.029520295202952056,-0.09890109890109891,-0.22222222222222213,0.12796981235333732,-0.6244857523118345,-1.6810734217537837,0.11896779116461437,-0.01986048241888399,-1.279554688726191,0,2,-1,0,2,0,0,0,-1,0,0,-1,0,2,-2,0,2,-1,1,1,2,3,4
2011-08-31,226.106,9.0,55.8,7.3,2.03,0.1,0.0031544621664188837,0.0,-0.12401883830455267,0.3082437275985663,-0.17479674796747974,0.4285714285714285,0.2561395237085179,-0.24567488429822215,-1.8716063892443013,2.277993212514772,-0.058028043780064285,2.969657016204009,0,2,-2,1,1,0,0,0,-1,2,0,2,0,2,-3,3,1,2,2,3,2,2,2
2011-09-30,226.597,9.0,59.5,8.41,1.67,0.08,0.0021715478580843226,0.0,0.06630824372759862,0.152054794520548,-0.17733990147783246,-0.20000000000000004,0.01574362666691086,-0.24404067631391704,1.0809075339562981,1.0124526334800081,-0.05895454538619374,-1.0983657306023045,0,2,-1,2,1,0,0,0,1,1,0,-1,0,2,0,3,1,-1,1,2,2,2,2
2011-10-31,226.75,8.8,60.8,7.07,1.92,0.07,6.752075270192967E-4,-0.022222222222222143,0.021848739495798273,-0.15933412604042804,0.14970059880239522,-0.12499999999999993,-0.35003512545866033,-1.0064535950742655,0.3895045708754994,-1.351651850688647,0.10854416727784313,-0.6190836910993655,0,2,-1,1,1,0,0,-1,0,-1,0,0,0,1,-1,0,1,0,1,1,1,2,4
2011-11-30,227.169,8.6,63.7,7.79,1.83,0.08,0.0018478500551268406,-0.022727272727272846,0.047697368421052724,0.1018387553041018,-0.04687499999999993,0.14285714285714277,-0.05946650783394087,-1.0113894153287575,0.7823853964003129,0.6340337043066887,0.006787146792578546,1.0506532909612698,0,2,-1,1,1,0,0,-1,0,0,0,1,0,1,-1,1,1,1,2,3,2,2,2
2011-12-31,227.223,8.5,69.9,7.23,1.64,0.07,2.377084901549157E-4,-0.011627906976744146,0.09733124018838309,-0.07188703465982023,-0.10382513661202195,-0.12499999999999993,-0.4572347334983478,-0.617413044069356,1.5362743900826128,-0.6815380473634365,-0.022721874699543152,-0.6262929637548547,0,2,-1,1,1,0,0,0,1,0,0,0,0,2,0,1,1,0,1,2,1,1,2
2012-01-31,227.842,8.3,75.0,6.61,1.61,0.08,0.002724196054096635,-0.0235294117647058,0.07296137339055785,-0.08575380359612726,-0.01829268292682915,0.14285714285714277,0.1638857720183861,-1.02302469455779,1.1346791691570632,-0.780484818206046,0.021943553642443603,1.0487314090364677,0,2,0,1,1,0,0,-1,1,0,0,1,0,1,1,1,1,1,3,4,1,1,2
2012-02-29,228.329,8.3,75.3,5.98,1.68,0.1,0.0021374461249462117,0.0,0.003999999999999962,-0.09531013615733734,0.04347826086956511,0.25000000000000006,0.016241561316507756,-0.19880990496649065,0.07146145972401877,-0.8455332333556518,0.05416854122700266,1.7032776886479453,0,2,0,1,1,0,0,0,0,0,0,1,0,2,0,1,1,1,2,3,1,1,2
2012-03-31,228.807,8.2,76.2,5.99,1.9,0.13,0.002093470387029156,-0.012048192771084508,0.011952191235059837,0.0016722408026755495,0.13095238095238093,0.3,0.005089643670332611,-0.6156979831022001,0.19259922030638693,-0.10015982483257932,0.09994353420276092,1.9729672922859027,0,2,0,1,1,0,0,0,0,0,0,1,0,2,0,1,1,1,2,3,1,1,2
2012-04-30,229.187,8.2,76.4,6.04,1.68,0.14,0.0016607883500068788,0.0,0.002624671916010536,0.008347245409014995,-0.11578947368421051,0.07692307692307698,-0.10437846572645945,-0.19114962907695118,0.04805313819723259,-0.04856094138860233,-0.03141485817111792,0.5658996427862345,0,2,0,1,1,0,0,0,0,0,0,0,0,2,0,1,1,0,1,2,1,1,2
2012-05-31,228.713,8.2,79.3,6.96,1.32,0.16,-0.00206818013238106,0.0,0.03795811518324596,0.152317880794702,-0.21428571428571422,0.14285714285714277,-1.0524214788053978,-0.19002037481062353,0.594148070283332,1.0584967651227382,-0.08374600637389777,0.9629125621512921,0,2,0,1,0,0,-1,0,0,1,0,0,-1,2,0,2,0,0,2,2,1,1,1
2012-06-30,228.524,8.2,73.2,6.44,1.34,0.16,-8.263631713107386E-4,0.0,-0.07692307692307686,-0.07471264367816086,0.015151515151515164,0.0,-0.7241504264036106,-0.18891090796849608,-1.193512156835403,-0.6984063836190155,0.03975067064519931,0.08256682631181297,0,2,0,1,0,0,0,0,-1,0,0,0,0,2,-1,1,0,0,1,2,2,1,2
2012-07-31,228.59,8.2,72.3,6.16,1.28,0.16,2.8880992806008343E-4,0.0,-0.012295081967213193,-0.04347826086956525,-0.044776119402985114,0.0,-0.4336582805633803,-0.18782065714461021,-0.17657467016658132,-0.45192323616787705,0.007212551085539004,0.08210377828814738,0,2,-1,1,0,0,0,0,0,0,0,0,0,2,-1,1,0,0,1,2,2,1,2
2012-08-31,229.918,8.1,74.3,5.98,1.35,0.13,0.005809527975851975,-0.01219512195121947,0.027662517289073308,-0.029220779220779175,0.05468750000000005,-0.1875,0.9832194388808396,-0.6210293521633395,0.4465895871303013,-0.338562307895151,0.061113101162836726,-1.0730024279634252,0,1,0,1,0,0,0,0,0,0,0,-1,0,1,0,1,0,-1,1,2,2,1,2
2012-09-30,231.015,7.8,78.3,5.74,1.42,0.14,0.004771266277542341,-0.037037037037037014,0.05383580080753701,-0.04013377926421408,0.05185185185185173,0.07692307692307698,0.7066548858548032,-1.5040272891797521,0.8530266063824871,-0.4213922132423986,0.059232489834139125,0.5667061326670754,0,1,0,1,1,0,0,-1,0,0,0,0,0,0,0,1,1,0,0,1,1,1,2
2012-10-31,231.638,7.8,82.6,5.63,1.42,0.16,0.0026967945804385815,0.0,0.054916985951468676,-0.019163763066202145,0.0,0.14285714285714277,0.16797278893184944,-0.16309275436603857,0.8619931583013255,-0.254849770841502,0.030479191931020118,0.9699080051220442,0,1,0,1,1,0,0,0,0,0,0,0,0,1,0,1,1,0,1,2,1,1,2
2012-11-30,231.249,7.7,82.7,5.65,1.37,0.16,-0.0016793444944266916,-0.012820512820512775,0.0012106537530267377,0.003552397868561361,-0.03521126760563368,0.0,-0.9632100111984063,-0.6196714343012547,0.0114540490784341,-0.07498417773780508,0.010902747704776785,0.07713669129242728,0,1,0,1,0,0,0,0,0,0,0,0,0,1,0,1,0,0,1,2,1,0,2
2012-12-31,231.221,7.9,72.9,5.34,1.53,0.16,-1.2108160467717304E-4,0.025974025974025997,-0.11850060459492136,-0.054867256637168224,0.11678832116788314,0.0,-0.5507408260356547,0.7738025127744153,-1.876715761177057,-0.5358989568343393,0.09510454412962464,0.0767272738368285,0,1,0,0,1,0,0,0,-1,0,0,0,0,1,-1,0,1,0,1,1,1,2,4
2013-01-31,231.679,8.0,73.8,4.95,1.75,0.14,0.0019807889421808505,0.01265822784810122,0.01234567901234556,-0.07303370786516848,0.1437908496732026,-0.12499999999999993,-0.001843217823075385,0.2895486259874151,0.2040922116196945,-0.6762898550090264,0.10965156745606085,-0.7043426421342606,0,1,0,0,1,0,0,0,0,0,0,0,0,1,0,0,1,0,1,1,0,1,1
2013-02-28,232.937,7.7,77.6,4.98,1.64,0.15,0.00542992675210101,-0.03749999999999998,0.05149051490514901,0.006060606060606111,-0.06285714285714292,0.07142857142857129,0.8974792387411669,-1.520512237374487,0.815489338953977,-0.04240496983502074,-0.00668726877722417,0.5311817213951608,0,1,0,0,1,0,0,-1,0,0,0,0,0,0,0,0,1,0,0,0,0,1,4
2013-03-31,232.282,7.5,78.6,4.86,1.62,0.14,-0.0028119191025899755,-0.025974025974025997,0.012886597938144331,-0.024096385542168693,-0.012195121951219388,-0.06666666666666654,-1.2620495228473154,-1.082036631165257,0.20341227857767444,-0.28318321349704006,0.021877060392106965,-0.34034562889168557,0,1,0,0,1,0,-1,-1,0,0,0,0,-1,0,0,0,1,0,1,0,0,2,4
2013-04-30,231.797,7.6,76.4,4.55,1.48,0.15,-0.002087979266581197,0.013333333333333286,-0.027989821882951512,-0.06378600823045277,-0.08641975308641982,0.07142857142857129,-1.057078170727624,0.3365291003773473,-0.441583627129927,-0.6003234349368122,-0.02025010282541887,0.5336039411369393,0,1,0,0,1,0,-1,0,0,0,0,0,-1,1,0,0,1,0,2,1,0,2,1
2013-05-31,231.893,7.5,84.5,4.62,1.86,0.11,4.1415548950160546E-4,-0.01315789473684206,0.10602094240837688,0.015384615384615448,0.25675675675675685,-0.26666666666666666,-0.39503311122571,-0.6176867479641817,1.680872658833814,0.04158233347700759,0.17511184220215242,-1.61266249462757,0,1,0,0,1,0,0,0,1,0,0,-1,0,1,1,0,1,-1,2,2,1,2,1
2013-06-30,232.445,7.5,84.1,5.21,2.16,0.09,0.0023804082055085426,0.0,-0.004733727810650954,0.12770562770562768,0.16129032258064518,-0.18181818181818185,0.12085368589412199,-0.13893264174915104,-0.08708682726580536,0.9508353991142661,0.11962956380428337,-1.0504512861933128,0,1,0,0,1,0,0,0,0,0,0,-1,0,1,0,0,1,-1,1,1,1,2,4
2013-07-31,232.9,7.3,85.1,4.71,2.29,0.09,0.0019574523005442684,-0.02666666666666669,0.011890606420927468,-0.09596928982725528,0.06018518518518513,0.0,0.009219682154171108,-1.1046581332213903,0.17525934297888562,-0.870124017435855,0.06093565569893264,0.10319503600985937,0,1,0,0,1,0,0,-1,0,0,0,0,0,0,0,0,1,0,0,0,0,1,4
2013-08-31,233.456,7.2,82.1,4.76,2.39,0.08,0.002387290682696364,-0.013698630136986254,-0.03525264394829612,0.01061571125265389,0.0436681222707424,-0.11111111111111106,0.12257576308668953,-0.6232137538732996,-0.5719488602838511,0.001877232918869452,0.05109977679878597,-0.5991149362573942,0,1,0,0,2,0,0,0,0,0,0,0,0,1,0,0,2,0,1,1,0,1,1
2013-09-30,233.544,7.2,77.5,4.83,2.31,0.08,3.7694469193347903E-4,0.0,-0.056029232643118085,0.014705882352941237,-0.03347280334728036,0.0,-0.41097778772044874,-0.12159227768384284,-0.8982938596745332,0.035208525028748605,0.006086042674950955,0.1088486582316888,0,1,0,0,1,0,0,0,0,0,0,0,0,1,0,0,1,0,1,1,0,1,1
2013-10-31,233.669,7.2,73.2,4.36,2.26,0.09,5.352310485390333E-4,0.0,-0.0554838709677419,-0.09730848861283639,-0.02164502164502176,0.12499999999999993,-0.36654819918805204,-0.12100330584684345,-0.8818541238031851,-0.8824852748922947,0.012954526349965937,0.9041844612769093,0,1,0,0,1,0,0,0,0,0,0,0,0,1,0,0,1,0,1,1,0,1,1
2013-11-30,234.1,6.9,75.1,4.27,2.47,0.08,0.001844489427352294,-0.041666666666666644,0.025956284153005348,-0.020642201834862556,0.09292035398230107,-0.11111111111111106,-0.014614969997932456,-1.6480172172815444,0.4218540168325909,-0.24636721131022907,0.08002709847603708,-0.6082773538215419,0,1,0,0,2,0,0,-1,0,0,0,0,0,0,0,0,2,0,0,0,0,1,4
2013-12-31,234.719,6.7,82.5,4.0,2.66,0.09,0.0026441691584792814,-0.028985507246376836,0.09853528628495348,-0.06323185011709592,0.0769230769230769,0.12499999999999993,0.20023301471832505,-1.1582639375767347,1.5793149454638877,-0.5959581956130586,0.07023103104847533,0.9048656234784621,0,1,0,0,2,0,0,-1,1,0,0,0,0,0,1,0,2,0,1,1,0,1,1
2014-01-31,235.288,6.6,81.2,4.21,2.33,0.07,0.0024241752904537632,-0.014925373134328438,-0.015757575757575724,0.05249999999999999,-0.12406015037593987,-0.22222222222222213,0.13991048437040726,-0.6350775058029419,-0.26001468985018394,0.3640220166350628,-0.04899065121140292,-1.3242278218715609,0,1,0,0,1,0,0,0,0,0,0,-1,0,1,0,0,1,-1,1,1,1,2,4
2014-02-28,235.547,6.7,81.6,3.81,2.33,0.07,0.0011007786202440674,0.015151515151515233,0.0049261083743841316,-0.09501187648456055,0.0,0.0,-0.21945436866082482,0.4643303792010753,0.07095262876434417,-0.8616569142833772,0.024969016750281153,0.10937665219907697,0,1,0,0,1,0,0,0,0,0,0,0,0,1,0,0,1,0,1,1,0,1,1
2014-03-31,236.028,6.7,80.0,3.77,2.29,0.08,0.0020420553010651573,0.0,-0.019607843137254832,-0.010498687664042003,-0.01716738197424894,0.14285714285714277,0.0378609342960154,-0.09203303023402547,-0.32224835728739704,-0.15280443498255436,0.014604409002340163,1.023897558466783,0,1,0,0,1,0,0,0,0,0,0,1,0,1,0,0,1,1,2,2,0,1,1
2014-04-30,236.468,6.2,84.1,3.71,2.25,0.09,0.0018641856050976907,-0.07462686567164178,0.05124999999999993,-0.01591511936339524,-0.01746724890829696,0.12499999999999993,-0.010959429836167931,-2.831717089561634,0.8187444026464827,-0.19729201661437604,0.014358591234784283,0.9000509294327551,0,1,0,0,1,0,0,-2,0,0,0,0,0,-1,0,0,1,0,0,0,1,2,4
2014-05-31,236.918,6.3,81.9,3.67,2.11,0.09,0.0019030059035472751,0.016129032258064457,-0.026159334126040296,-0.010781671159029659,-0.062222222222222276,0.0,-2.4405201425183122E-4,0.5102485406619983,-0.43402706864169,-0.1533537915948179,-0.012675514127064427,0.0915200214824477,0,1,0,0,1,0,0,0,0,0,0,0,0,1,0,0,1,0,1,1,0,1,1
2014-06-30,237.231,6.1,82.5,3.53,2.06,0.1,0.0013211322060796907,-0.03174603174603177,0.007326007326007256,-0.03814713896457769,-0.023696682464454895,0.11111111111111122,-0.16084484004992647,-1.2031767684373578,0.10951379382809132,-0.3830097580996189,0.010701898397094303,0.8065119171298549,0,1,0,0,1,0,0,-1,0,0,0,0,0,0,0,0,1,0,0,0,0,1,4
2014-07-31,237.498,6.2,81.8,4.04,2.05,0.09,0.0011254852864928948,0.016393442622950907,-0.008484848484848519,0.14447592067988677,-0.004854368932038947,-0.10000000000000009,-0.21435601961891448,0.5264653520485649,-0.14767164703766286,1.1620731357434768,0.02211219663499562,-0.5607776680666879,0,1,0,0,1,0,0,0,0,1,0,0,0,1,0,1,1,0,1,2,1,1,2
2014-08-31,237.46,6.1,82.5,3.84,1.87,0.09,-1.600013473796937E-4,-0.016129032258064602,0.00855745721271397,-0.04950495049504955,-0.08780487804878036,0.0,-0.5712515952285288,-0.6399834078901816,0.13088315300420553,-0.4865148703557282,-0.028647992305399633,0.08929850930212586,0,1,0,0,1,0,0,0,0,0,0,0,0,1,0,0,1,0,1,1,0,1,1
2014-09-30,237.477,5.9,84.6,4.4,1.94,0.09,7.159100480079132E-5,-0.03278688524590152,0.025454545454545386,0.14583333333333348,0.03743315508021382,0.0,-0.5033056807997651,-1.2335821471181356,0.40703305516700333,1.1697745771021935,0.04830509940622437,0.0889097182627446,0,0,0,0,1,0,0,-1,0,1,0,0,0,-1,0,1,1,0,0,1,2,2,3
2014-10-31,237.43,5.7,86.9,4.3,1.85,0.09,-1.9791390324114353E-4,-0.03389830508474579,0.027186761229314557,-0.022727272727272846,-0.04639175257731951,0.0,-0.5760980346235101,-1.2600303318264303,0.43347076457517464,-0.26688901967392253,-0.003550477849976688,0.08852596155195333,0,0,1,0,1,0,0,-1,0,0,0,0,0,-1,1,0,1,0,1,1,1,2,4
2014-11-30,236.983,5.8,88.8,4.67,1.71,0.09,-0.0018826601524660014,0.017543859649122744,0.02186421173762936,0.08604651162790701,-0.07567567567567574,0.0,-1.0461657557027115,0.5904045146458268,0.3434864371960002,0.6574590085515766,-0.02165680559959214,0.08814713145379945,0,0,1,0,1,0,-1,0,0,0,0,0,-1,0,1,0,1,0,2,1,0,2,1
2014-12-31,236.252,5.6,93.6,5.04,1.5,0.12,-0.003084609444559291,-0.03448275862068969,0.05405405405405402,0.07922912205567455,-0.12280701754385963,0.3333333333333333,-1.374489540565554,-1.2756226651815539,0.8748504306381969,0.5954859149324204,-0.050856670407877266,2.2814972637281152,0,0,1,0,1,0,-1,-1,0,0,0,2,-1,-1,1,0,1,2,3,2,1,3,1
2015-01-31,234.747,5.7,98.1,5.26,1.21,0.11,-0.006370316441765553,0.017857142857142953,0.04807692307692308,0.0436507936507936,-0.19333333333333336,-0.0833333333333333,-2.2773168748527897,0.6074037511878526,0.7693188148848267,0.2885922167451519,-0.0946607668545524,-0.4715865238478393,0,0,1,0,0,0,-2,0,0,0,0,0,-2,0,1,0,0,0,2,1,0,1,1
2015-02-28,235.342,5.5,95.4,4.46,1.37,0.11,0.0025346436802174206,-0.03508771929824565,-0.0275229357798164,-0.15209125475285168,0.1322314049586778,0.0,0.22945156616448087,-1.2917383776360316,-0.49096812925502226,-1.3890521321953917,0.10977802970814914,0.07158701598374806,0,0,1,0,0,0,0,-1,0,-1,0,0,0,-1,1,-1,0,0,2,1,1,2,1
2015-03-31,235.976,5.4,93.0,4.82,1.38,0.11,0.0026939517808125457,-0.01818181818181812,-0.025157232704402573,0.08071748878923773,0.007299270072992544,0.0,0.2775145699520186,-0.6668919748911188,-0.4496008237143654,0.6049011907273204,0.03029493217400476,0.07696209264098312,0,0,1,0,0,0,0,0,0,0,0,0,0,0,1,0,0,0,1,1,0,0,1
2015-04-30,236.222,5.4,95.9,4.59,1.47,0.12,0.001042478896158971,0.0,0.031182795698924792,-0.04771784232365154,0.0652173913043479,0.09090909090909087,-0.17553205046991863,-0.024963210173473988,0.4862257297577131,-0.48967550579960406,0.06607980750076556,0.6714029298277393,0,0,1,0,1,0,0,0,0,0,0,0,0,0,1,0,1,0,1,1,0,1,1
2015-05-31,237.001,5.6,90.7,4.58,1.51,0.12,0.0032977453412467777,0.0370370370370369,-0.05422314911366009,-0.0021786492374727207,0.02721088435374152,0.0,0.45144176527008834,1.3019123636869567,-0.9441642865219808,-0.07753100904896058,0.04080242772109189,0.07813176527332003,0,0,1,0,1,0,0,1,0,0,0,0,0,1,1,0,1,0,2,2,0,1,1
2015-06-30,237.657,5.3,96.1,5.0,1.71,0.13,0.0027679208104607403,-0.05357142857142854,0.05953693495038579,0.09170305676855893,0.1324503311258278,0.08333333333333341,0.29667907547901884,-1.9515736336953462,0.9501026833519571,0.7452961244770795,0.10520148512645687,0.6248042701095774,0,0,1,0,1,0,0,-1,0,0,0,0,0,-1,1,0,1,0,1,1,1,2,4
2015-07-31,238.034,5.2,93.1,5.36,1.53,0.13,0.0015863197801873335,-0.01886792452830182,-0.03121748178980229,0.07200000000000006,-0.10526315789473681,0.0,-0.03478499648731058,-0.6947617495882962,-0.551836685501773,0.5604962495187649,-0.04605516354247439,0.07840364308549568,0,0,1,0,1,0,0,0,0,0,0,0,0,0,1,0,1,0,1,1,0,1,1
2015-08-31,238.033,5.1,91.9,5.7,1.47,0.14,-4.201080517929266E-6,-0.019230769230769332,-0.012889366272824799,0.0634328358208955,-0.03921568627450984,0.07692307692307698,-0.4664517571951857,-0.700588685724644,-0.24025047072785932,0.4725837975827129,-0.004478053334979795,0.5830506181083968,0,0,1,1,1,0,0,0,0,0,0,0,0,0,1,1,1,0,1,2,1,1,2
2015-09-30,237.498,5.0,87.2,6.62,1.42,0.14,-0.002247587519377551,-0.019607843137254832,-0.051142546245919504,0.1614035087719298,-0.0340136054421769,0.0,-1.0819701622860942,-0.714167159044803,-0.893663262348633,1.3435668702605392,-0.0026199943005175332,0.08223881343607062,0,0,1,1,1,0,-1,0,0,1,0,0,-1,0,1,2,1,0,2,2,1,2,1
2015-10-31,237.733,5.0,90.0,5.9,1.41,0.12,9.894820166907244E-4,0.0,0.03211009174311923,-0.1087613293051359,-0.007042253521126767,-0.14285714285714296,-0.14628812086927925,-0.013986846394348098,0.5032477168180631,-1.053070559882982,0.013885789889608398,-0.8458452341978061,0,0,1,1,1,0,0,0,0,-1,0,0,0,0,1,0,1,0,1,1,0,1,1
2015-11-30,238.017,5.1,91.3,6.4,1.27,0.12,0.0011946174910508504,0.019999999999999928,0.014444444444444413,0.0847457627118644,-0.0992907801418439,0.0,-0.08494456142598439,0.6882052217748073,0.19093739461174067,0.6532039360008747,-0.043582928487282874,0.09405336613154766,0,0,1,1,0,0,0,0,0,0,0,0,0,0,1,1,0,0,1,2,1,0,2
2015-12-31,237.761,5.0,92.6,6.95,1.21,0.24,-0.0010755534268560658,-0.019607843137254832,0.014238773274917823,0.08593749999999997,-0.04724409448818902,1.0,-0.7768192298915904,-0.7068695102099224,0.2019210816168907,0.6575002749283303,-0.013515250809148557,6.597594378960565,0,0,1,1,0,0,0,0,0,0,0,2,0,0,1,1,0,2,2,3,1,0,2
2016-01-31,237.652,4.8,92.0,7.77,1.18,0.34,-4.584435630738804E-4,-0.040000000000000036,-0.006479481641468622,0.11798561151079127,-0.024793388429752088,0.4166666666666668,-0.5896547359662558,-1.4216540774607036,-0.1447700345392248,0.9301162524965286,-0.00592246692469416,2.359599463195327,0,0,1,1,0,0,0,-1,0,0,0,2,0,-1,1,1,0,2,2,3,2,1,2
2016-02-29,237.336,4.9,91.7,7.75,0.96,0.38,-0.0013296753235822719,0.020833333333333447,-0.0032608695652173603,-0.0025740025740025193,-0.18644067796610167,0.11764705882352934,-0.8374716071479201,0.71016334796678,-0.08741147349406539,-0.13447033557762858,-0.11011676837881645,0.6611374456430787,0,0,1,1,0,0,0,0,0,0,0,0,0,0,1,1,0,0,1,2,1,0,2
2016-03-31,238.08,5.0,91.0,7.05,1.05,0.36,0.003134796238244513,0.020408163265306048,-0.007633587786259573,-0.09032258064516131,0.09375000000000008,-0.05263157894736847,0.4997017211200208,0.6954534658414393,-0.1720595461091034,-0.8993247291248375,0.20581837603149683,-0.268987773847483,0,0,1,1,0,0,0,0,0,0,0,0,0,0,1,1,0,0,1,2,1,0,2
2016-04-30,238.992,5.1,89.0,6.21,1.06,0.37,0.0038306451612902287,0.019999999999999928,-0.02197802197802198,-0.11914893617021274,0.009523809523809532,0.027777777777777804,0.7022949885048053,0.6693673316565678,-0.4217998106733914,-1.1475997205990176,0.11479422003895672,0.17160298312658187,0,0,1,1,0,0,0,0,0,-1,0,0,0,0,1,0,0,0,1,1,0,0,1
2016-05-31,239.557,4.8,94.7,5.97,0.97,0.37,0.002364095869317792,-0.05882352941176468,0.06404494382022476,-0.038647342995169115,-0.08490566037735855,0.0,0.26931550454910874,-2.097167376122329,1.1049644900629432,-0.4388096220053759,0.06005747038251681,0.021310279129280484,0,0,1,1,0,0,0,-2,1,0,0,0,0,-2,2,1,0,0,1,2,2,1,2
2016-06-30,240.222,4.9,93.5,6.21,0.91,0.38,0.0027759572878272,0.020833333333333447,-0.012671594508975743,0.04020100502512566,-0.06185567010309272,0.027027027027027053,0.3940270170727636,0.6915455691777692,-0.28147353638731787,0.24800493809269267,0.07950231168227602,0.1697081916175153,0,0,1,1,0,0,0,0,0,0,0,0,0,0,1,1,0,0,1,2,1,0,2
2016-07-31,240.101,4.8,90.0,5.69,0.79,0.39,-5.037007434789874E-4,-0.02040816326530623,-0.0374331550802139,-0.08373590982286627,-0.13186813186813187,0.026315789473684233,-0.5860104783871602,-0.7344168155480144,-0.7158047291580693,-0.8220674456224516,-0.0020333354554176613,0.1650585680272755,0,0,1,1,0,0,0,0,0,0,0,0,0,0,1,1,0,0,1,2,1,0,2
2016-08-31,240.545,4.9,89.8,5.1,0.78,0.4,0.0018492217858317474,0.020833333333333447,-0.002222222222222254,-0.1036906854130054,-0.012658227848101276,0.025641025641025664,0.1319319494496388,0.6962546365608192,-0.07701033123227707,-0.9839421736585805,0.10078335834793906,0.16250790723728517,0,0,1,0,0,0,0,0,0,0,0,0,0,0,1,0,0,0,1,1,0,0,1
2016-09-30,241.176,5.0,91.2,4.97,0.83,0.4,0.0026232097944251607,0.020408163265306048,0.015590200445434362,-0.025490196078431355,0.06410256410256401,0.0,0.3718366851325115,0.6742999318478042,0.23865899623768186,-0.2994025833300886,0.1617574919477904,0.021969987511544442,0,0,1,0,0,0,0,0,0,0,0,0,0,0,1,0,0,0,1,1,0,0,1
2016-10-31,241.741,4.9,87.2,4.91,0.98,0.4,0.0023426874979269336,-0.019999999999999928,-0.043859649122807015,-0.012072434607645796,0.1807228915662651,0.0,0.27254536699473136,-0.7363874192021672,-0.8277854527062704,-0.18320524520763137,0.2990537513119752,0.021969987511544446,0,0,1,0,0,0,0,0,0,0,0,0,0,0,1,0,0,0,1,1,0,0,1
2016-11-30,242.026,4.7,93.8,4.67,1.26,0.41,0.001178947716771241,-0.040816326530612276,0.07568807339449535,-0.048879837067209816,0.28571428571428575,0.024999999999999883,-0.10162841790358,-1.4577771261114991,1.3592134361162738,-0.5022209168393608,0.422416527010071,0.15792905048842462,0,0,1,0,0,0,0,-1,1,0,0,0,0,-1,2,0,0,0,1,1,1,1,1
2016-12-31,242.637,4.7,98.2,4.22,1.25,0.54,0.0025245221587762885,0.0,0.04690831556503205,-0.09635974304068526,-0.007936507936507943,0.3170731707317075,0.3134495928086823,-0.026770252025125358,0.8161227258009917,-0.908528014430531,0.08808074452504557,1.7450176484981998,0,0,1,0,0,0,0,0,0,0,0,1,0,0,1,0,0,1,2,2,0,0,1
2017-01-31,243.618,4.7,98.5,4.0,1.26,0.65,0.00404307669481569,0.0,0.003054989816700582,-0.05213270142180089,0.008000000000000007,0.20370370370370366,0.7961378494667556,-0.0332259325554158,0.01673815500546479,-0.5283783249945129,0.10353571003813906,1.1002091016401785,0,0,1,0,0,0,0,0,0,0,0,1,0,0,1,0,0,1,2,2,0,0,1
2017-02-28,244.006,4.6,96.3,3.74,1.14,0.66,0.0015926573570097663,-0.021276595744680965,-0.02233502538071069,-0.06499999999999995,-0.09523809523809532,0.015384615384615398,0.026215191921232225,-0.7613400938465547,-0.43408442062254954,-0.6396494670360827,-0.015447181296007199,0.07948735272259717,0,0,1,0,0,0,0,0,0,0,0,0,0,0,1,0,0,0,1,1,0,0,1
2017-03-31,243.892,4.4,96.9,3.92,1.13,0.79,-4.6720162618953766E-4,-0.043478260869565064,0.006230529595015665,0.04812834224598923,-0.008771929824561412,0.19696969696969696,-0.6095282827477001,-1.534819716464292,0.07726774524597355,0.33996742919412726,0.08331452125858382,1.0491074573140253,0,0,1,0,0,0,0,-1,0,0,0,1,0,-1,1,0,0,1,2,2,1,1,1
2017-04-30,244.193,4.4,97.0,3.81,1.01,0.9,0.0012341528217408367,0.0,0.0010319917440659888,-0.028061224489795887,-0.10619469026548663,0.1392405063291139,-0.06503831247728842,-0.014235084052702381,-0.02287431401336818,-0.316782924290911,-0.04663896069483025,0.7285527058732595,0,0,1,0,0,0,0,0,0,0,0,0,0,0,1,0,0,0,1,1,0,0,1
2017-05-31,244.004,4.4,97.1,3.74,0.93,0.91,-7.739779600562726E-4,0.0,0.0010309278350514879,-0.01837270341207345,-0.07920792079207917,0.01111111111111112,-0.689360774688974,-0.007705267887326324,-0.025288057173431737,-0.23444814091312685,-0.01960847659497007,0.040720275070847266,0,0,1,0,0,0,0,0,0,0,0,0,0,0,1,0,0,0,1,1,0,0,1
2017-06-30,244.163,4.3,95.0,3.77,0.93,1.04,6.516286618252989E-4,-0.022727272727272846,-0.02162718846549943,0.008021390374331498,0.0,0.14285714285714285,-0.23036517155613317,-0.8040937219024393,-0.43551563617767103,-0.013902091270529762,0.05864613243668236,0.7394052294915185,0,0,1,0,0,0,0,0,0,0,0,0,0,0,1,0,0,0,1,1,0,0,1
2017-07-31,244.243,4.3,93.4,3.61,0.96,1.15,3.276499715353435E-4,0.0,-0.016842105263157835,-0.04244031830238731,0.03225806451612894,0.10576923076923064,-0.3276315959588472,0.005630694691127529,-0.35070930656853727,-0.43975274735131786,0.03998617987328241,0.5350455770981716,0,0,1,0,0,0,0,0,0,0,0,0,0,0,1,0,0,0,1,1,0,0,1
2017-08-31,245.183,4.4,96.8,3.85,0.79,1.16,0.0038486261632881915,0.023255813953488497,0.03640256959314766,0.06648199445983385,-0.17708333333333326,0.008695652173913052,0.7798808756488184,0.828711075540669,0.6330781902375101,0.5733082906041026,-1.2518550973530158,0.016441556801536677,0,0,1,0,0,0,0,0,0,0,-1,0,0,0,1,0,-1,0,1,1,1,0,1
2017-09-30,246.435,4.3,95.1,3.56,0.86,1.15,0.005106389920997824,-0.022727272727272846,-0.01756198347107441,-0.07532467532467534,0.08860759493670879,-0.008620689655172422,1.1624730047969816,-0.7987462091344245,-0.37373274162104103,-0.7313269788578988,0.5073594927253339,-0.077557061596572,0,0,1,0,0,0,1,0,0,0,0,0,1,0,1,0,0,0,1,2,1,0,2
2017-10-31,246.626,4.2,100.7,3.51,0.78,1.15,7.750522450139083E-4,-0.023255813953488292,0.058885383806519545,-0.014044943820224793,-0.09302325581395345,0.0,-0.19414543539879392,-0.8041664206262916,1.0364900677445172,-0.16679291835707738,-0.7671076562293213,-0.032274463186617725,0,0,2,0,0,0,0,0,1,0,0,0,0,0,3,0,0,0,1,1,0,0,1
2017-11-30,247.284,4.2,98.5,3.61,0.64,1.16,0.002668007428251632,0.0,-0.021847070506454843,0.02849002849002852,-0.1794871794871795,0.008695652173913052,0.40298899645539965,0.018730114518923258,-0.46199785237525276,0.22926235856817184,-1.4110465814784856,0.012125817763665463,0,0,1,0,0,0,0,0,0,0,-1,0,0,0,1,0,-1,0,1,1,1,0,1
2017-12-31,247.805,4.1,95.9,3.63,0.51,1.3,0.0021068892447550793,-0.023809523809523937,-0.026395939086294357,0.005540166204986155,-0.203125,0.12068965517241391,0.24533337007565223,-0.8146062692245079,-0.5538252779975501,0.041505873857943625,-1.7321305534143752,0.6021517553240213,0,0,1,0,0,0,0,0,0,0,-1,0,0,0,1,0,-1,0,1,1,1,0,1
2018-01-31,248.859,4.0,95.7,3.29,0.58,1.41,0.00425334436351164,-0.02439024390243894,-0.002085505735140801,-0.09366391184572999,0.13725490196078421,0.08461538461538452,0.9301101636858409,-0.8250847807096205,-0.10253407261442042,-0.9056514593966803,1.1261395329953736,0.40297511948722264,0,0,1,0,0,0,0,0,0,0,1,0,0,0,1,0,1,0,1,1,0,1,1
2018-02-28,249.529,4.1,99.7,3.47,0.62,1.42,0.00269228760060913,0.02499999999999991,0.04179728317659352,0.05471124620060795,0.06896551724137938,0.0070921985815602905,0.4308791146521876,0.9417390274666058,0.7133106782951306,0.5396853955509938,0.633164265576453,-0.013865627565336174,0,0,2,0,0,0,0,0,0,0,0,0,0,0,2,0,0,0,1,1,0,0,1
2018-03-31,249.577,4.0,101.4,3.72,0.47,1.51,1.9236241078192043E-4,-0.02439024390243894,0.01705115346038117,0.07204610951008646,-0.24193548387096778,0.0633802816901409,-0.363254019096383,-0.827377946192435,0.23830083054449874,0.7130510128924149,-2.179615565083083,0.2748921002942766,0,0,2,0,0,0,0,0,0,0,-2,0,0,0,2,0,-2,0,1,1,1,0,1
2018-04-30,250.227,4.0,98.8,3.46,0.46,1.69,0.0026044066560620797,0.0,-0.025641025641025723,-0.06989247311827963,-0.021276595744680753,0.11920529801324499,0.41176128244347493,0.05853094444503514,-0.5653097509610288,-0.6605852676722375,-0.14469222503533527,0.5651841357128137,0,0,1,0,0,1,0,0,0,0,0,0,0,0,1,0,0,1,2,2,0,0,1
2018-05-31,250.792,3.8,98.0,3.63,0.43,1.7,0.0022579497815982995,-0.050000000000000044,-0.008097165991902806,0.049132947976878595,-0.06521739130434788,0.0059171597633136145,0.30079155806155183,-1.737961061538886,-0.2524706458059974,0.4877385027596711,-0.5576796507735089,-0.05076292110750547,0,-1,1,0,-1,1,0,-1,0,0,0,0,0,-2,1,0,-1,1,2,2,2,1,1
2018-06-30,251.018,4.0,98.2,3.71,0.33,1.82,9.011451720948E-4,0.052631578947368474,0.002040816326530641,0.02203856749311297,-0.23255813953488366,0.07058823529411772,-0.12169716379330468,2.0254547821937994,-0.0661216430330239,0.21535004753034048,-2.0732673555784316,0.28957865462059307,0,0,1,0,-1,1,0,2,0,0,-2,0,0,2,1,0,-3,1,3,3,1,0,1
2018-07-31,251.214,3.8,97.9,3.46,0.29,1.91,7.808204989283555E-4,-0.050000000000000044,-0.003054989816700582,-0.0673854447439353,-0.12121212121212131,0.04945054945054937,-0.13992967458893069,-1.7315487153360811,-0.17354272313188943,-0.6530480675410054,-1.0305782674669797,0.17352652600823548,0,-1,1,0,-1,1,0,-1,0,0,-1,0,0,-2,1,0,-2,1,2,2,2,1,1
2018-08-31,251.663,3.8,96.2,3.49,0.24,1.91,0.0017873207703392815,0.0,-0.017364657814096043,0.008670520231213945,-0.17241379310344826,0.0,0.216514523453448,0.11386659813329197,-0.43783494900112885,0.10679228216404224,-1.4688909711685283,-0.09339549386435528,0,-1,1,0,-1,1,0,0,0,0,-1,0,0,-1,1,0,-2,1,2,2,2,1,1
2018-09-30,252.182,3.7,100.1,3.28,0.24,1.95,0.002062281702117423,-0.02631578947368412,0.04054054054054045,-0.060171919770773755,0.0,0.02094240837696337,0.3013531265385406,-0.8384972657882214,0.6899340651006062,-0.5678349229718683,0.07601406337463973,0.018576586350554453,0,-1,2,0,-1,1,0,0,0,0,0,0,0,-1,2,0,-1,1,2,2,2,1,1
2018-10-31,252.772,3.8,98.6,3.81,0.28,2.19,0.002339580144498828,0.02702702702702693,-0.014985014985014986,0.16158536585365862,0.16666666666666682,0.12307692307692307,0.3920196047790609,1.1329951823360453,-0.37883956535193564,1.714078246075133,1.6015906268262499,0.5614376712593078,0,-1,1,0,-1,1,0,1,0,1,1,0,0,0,1,1,0,1,2,3,1,0,2
2018-11-30,252.594,3.8,97.5,4.29,0.21,2.2,-7.041919199911275E-4,0.0,-0.011156186612576008,0.12598425196850394,-0.2500000000000001,0.004566210045662206,-0.7061621413110157,0.1546450541761342,-0.35065263130618707,1.5197411968222947,-2.20940896916051,-0.10355690418316076,0,-1,1,0,-1,1,0,0,0,1,-2,0,0,-1,1,1,-3,1,2,3,3,1,2
2018-12-31,252.767,3.9,98.3,5.33,0.21,2.27,6.848935445814304E-4,0.026315789473684237,0.008205128205128176,0.24242424242424243,0.0,0.031818181818181746,-0.33289438226937484,1.1763689005133953,0.048892902645991776,2.9094005674759105,0.11455904409726196,0.020136118195104163,0,-1,1,0,-1,1,0,1,0,2,0,0,0,0,1,2,-1,1,2,3,2,0,2
2019-01-31,252.561,4.0,91.2,4.37,0.18,2.4,-8.149798035344363E-4,0.025641025641025664,-0.0722278738555442,-0.1801125703564728,-0.14285714285714285,0.057268722466960305,-1.1440117658258315,1.204284596114494,-1.6430461207847395,-1.9503043444253467,-1.242789963202846,0.14623322816511883,0,0,1,0,-1,1,-1,1,-1,-1,-1,0,-1,1,0,-1,-2,1,4,2,1,2,1
2019-02-28,253.319,3.8,93.8,3.92,0.21,2.4,0.003001255142321979,-0.050000000000000044,0.028508771929824497,-0.10297482837528608,0.16666666666666666,0.0,0.758589808551059,-1.8190975069687385,0.5046888979820302,-1.065802285863367,1.749063346120711,-0.21306670568741717,0,-1,1,0,-1,1,0,-1,0,-1,1,0,0,-2,1,-1,0,1,3,2,1,2,1
2019-03-31,254.277,3.8,98.4,4.05,0.14,2.41,0.0037817929172308373,0.0,0.04904051172707898,0.03316326530612242,-0.33333333333333326,0.004166666666666763,1.1493684675926312,0.25723809111941764,0.9281474793293203,0.4603139817673724,-3.0623179245579055,-0.16849161398713022,0,-1,1,0,-1,1,1,0,0,0,-2,0,1,-1,1,0,-3,1,2,3,3,1,2
2019-04-30,255.233,3.7,97.2,3.73,0.24,2.42,0.003759679404743714,-0.02631578947368412,-0.01219512195121954,-0.07901234567901232,0.7142857142857141,0.004149377593360907,1.119657533077391,-0.8360984749593465,-0.3775324467374531,-0.7869306169336716,6.72641724970868,-0.17983836688176666,1,-1,1,0,-1,1,1,0,0,0,2,0,2,-1,1,0,1,1,2,3,2,2,2
2019-05-31,255.296,3.6,100.0,4.59,0.19,2.39,2.4683328566442496E-4,-0.02702702702702705,0.028806584362139887,0.2305630026809651,-0.2083333333333333,-0.012396694214875952,-0.6284378493014459,-0.8533948222557495,0.5344541769709428,2.678584704294291,-1.5652619452530403,-0.2970791537272032,1,-1,2,0,-1,1,0,0,0,2,-1,0,1,-1,2,2,-2,1,2,4,4,1,2
2019-06-30,255.213,3.6,98.2,4.07,0.25,2.38,-3.251128102281211E-4,0.0,-0.01799999999999997,-0.11328976034858379,0.3157894736842105,-0.004184100418410139,-0.9038037599682845,0.3360225424821687,-0.48731526273050607,-1.2092826458728128,2.6034906940748224,-0.2336930482334247,1,-1,1,0,-1,1,0,0,0,-1,2,0,1,-1,1,-1,1,1,3,3,2,3,1
2019-07-31,255.802,3.7,98.4,3.93,0.13,2.4,0.002307876166182752,0.0277777777777778,0.002036659877800436,-0.034398034398034426,-0.48,0.008403361344537823,0.4472487491822477,1.5551111932017454,-0.03803958386857329,-0.3357496157857561,-3.60635974181911,-0.14325293585088636,1,-1,1,0,-1,1,0,1,0,0,-2,0,1,0,1,0,-3,1,2,3,2,0,2
2019-08-31,256.036,3.6,89.8,4.13,0.0,2.13,9.147700174353949E-4,-0.02702702702702705,-0.08739837398373992,0.05089058524173021,-1.0,-0.11250000000000002,-0.2824934288606187,-0.8430394548261628,-2.0389623484447617,0.6009852255673814,-7.19355179919927,-0.9554919508211759,1,-1,1,0,-1,1,0,0,-2,0,-2,0,1,-1,-1,0,-3,1,1,2,4,2,3
2019-09-30,256.43,3.5,93.2,4.02,0.05,2.04,0.0015388460997672415,-0.0277777777777778,0.03786191536748336,-0.026634382566586033,,-0.0422535211267605,0.050573502512231236,-0.8617268331425334,0.7474035355750607,-0.26573839237637925,,-0.4845926576405842,1,-1,1,0,-1,1,0,0,0,0,0,0,1,-1,1,0,-1,1,2,3,3,1,2
2019-10-31,257.155,3.6,95.5,4.15,0.17,1.83,0.0028272822992628237,0.0285714285714286,0.0246781115879828,0.03233830845771164,2.4,-0.10294117647058822,0.7205552057658648,1.600949254908112,0.48601177002770796,0.38210274300729663,14.729142910582315,-0.8847733057286045,1,-1,1,0,-1,1,0,1,0,0,2,0,1,0,1,0,1,1,2,3,1,1,2
2019-11-30,257.879,3.6,96.8,4.02,0.17,1.55,0.0028154226050438316,0.0,0.013612565445026148,-0.03132530120481946,0.0,-0.15300546448087432,0.7155763057126733,0.355186302135771,0.22678884444999076,-0.3370787073927472,0.012682824371301278,-1.2270144422796956,1,-1,1,0,-1,1,0,0,0,0,0,-1,1,-1,1,0,-1,0,1,2,3,1,3
2019-12-31,258.63,3.6,99.3,3.6,0.34,1.55,0.0029122185210892562,0.0,0.025826446280991736,-0.10447761194029839,1.0,0.0,0.7696484123931364,0.35140600735764455,0.49259665220533644,-1.1515930371540806,3.631640550593899,-0.20538477137516686,1,-1,2,0,-1,1,0,0,0,-1,2,0,1,-1,2,-1,1,1,3,3,2,3,1
2020-01-31,259.127,3.6,99.8,4.03,0.18,1.55,0.0019216641534238646,0.0,0.005035246727089627,0.11944444444444449,-0.4705882352941177,0.0,0.24382324874721956,0.3514060073576446,0.03286207619629838,1.3588401719716057,-1.630540159811444,-0.20538477137516686,1,-1,2,0,-1,1,0,0,0,1,-1,0,1,-1,2,1,-2,1,2,4,4,1,2
2020-02-29,259.25,3.5,101.0,5.06,0.27,1.58,4.7467072130650395E-4,-0.0277777777777778,0.012024048096192414,0.2555831265508683,0.5000000000000001,0.019354838709677438,-0.5132697564951986,-0.8529665065973069,0.19651254183272548,2.8644150412444414,1.6983399501305065,-0.08289801265567188,1,-1,2,0,-1,1,0,0,0,2,1,0,1,-1,2,2,0,1,2,4,3,1,2
2020-03-31,258.076,4.4,89.1,8.77,0.47,0.65,-0.004528447444551507,0.25714285714285723,-0.11782178217821788,0.7332015810276681,0.7407407407407405,-0.5886075949367089,-3.135898428455462,11.44285060358838,-2.77356584825124,7.927149844303978,2.4718666156584876,-4.096390126741216,1,0,1,2,0,0,-2,2,-2,2,2,-2,-1,2,-1,4,2,-2,2,2,3,4,4
2020-04-30,256.032,14.8,71.8,7.63,0.44,0.05,-0.007920147553434025,2.3636363636363633,-0.19416386083052747,-0.1299885974914481,-0.06382978723404249,-0.923076923076923,-4.703822679238775,70.72289650149106,-4.357419461246857,-1.2268007745701188,-0.24285260896161412,-5.907790092169444,1,2,-1,1,0,0,-2,2,-2,-1,0,-2,-1,4,-3,0,0,-2,2,1,2,3,4
2020-05-31,255.802,13.2,72.3,6.54,0.49,0.05,-8.983252093487915E-4,-0.1081081081081082,0.006963788300835655,-0.14285714285714285,0.1136363636363636,0.0,-1.0475230241130329,-0.5554018098705646,0.11936197492290422,-1.3264834226907103,0.33873610417809896,-0.07731491122708958,1,2,-1,1,0,0,-1,0,0,-1,0,0,0,2,-1,0,0,0,1,1,1,1,1
2020-06-30,257.042,11.0,78.1,6.44,0.5,0.08,0.004847499237691576,-0.16666666666666663,0.08022130013831255,-0.015290519877675787,0.02040816326530614,0.6,1.6096124961579077,-0.8190079552672389,1.630681843728296,-0.17944507732362686,0.028789301676376337,3.2410484738555687,1,2,0,1,0,0,1,0,1,0,0,2,2,2,1,1,0,2,3,5,2,0,2
2020-07-31,258.352,10.2,72.5,5.16,0.44,0.09,0.005096443382793483,-0.0727272727272728,-0.0717029449423815,-0.1987577639751553,-0.12,0.12499999999999993,1.691142319725517,-0.38380554941988543,-1.4932496443068903,-1.8066188278369946,-0.4333543186587968,0.5587844505183384,1,2,-1,0,0,0,1,0,-1,-1,0,0,2,2,-2,-1,0,0,2,2,2,2,1
2020-08-31,259.316,8.4,74.1,5.02,0.58,0.1,0.0037313432835820847,-0.17647058823529402,0.0220689655172413,-0.027131782945736545,0.31818181818181807,0.11111111111111122,1.0409469426352564,-0.8526126171684334,0.4193644009846129,-0.26971136176621935,1.003632096648666,0.4788708854239359,1,2,0,0,0,0,1,0,0,0,1,0,2,2,0,0,1,0,1,2,1,1,2
2020-09-30,259.997,7.8,80.4,5.41,0.56,0.09,0.0026261395363187776,-0.0714285714285715,0.08502024291497992,0.07768924302788857,-0.034482758620689495,-0.10000000000000009,0.529261209528914,-0.36671179576802443,1.7177126471935535,0.6568728039220899,-0.1624706278821081,-0.6431428662370755,1,1,0,0,0,0,0,0,1,0,0,0,1,1,1,0,0,0,2,3,1,0,2
2020-10-31,260.319,6.9,81.8,5.32,0.74,0.09,0.0012384758285672631,-0.11538461538461532,0.017412935323382978,-0.016635859519408477,0.3214285714285713,0.0,-0.10030793352854578,-0.562997993499748,0.30211303104934295,-0.1848753462085377,1.0006441878686834,-0.1084114258343945,1,1,0,0,0,0,0,0,0,0,1,0,1,1,0,0,1,0,1,2,1,1,2
2020-11-30,260.911,6.7,76.9,4.33,0.68,0.09,0.0022741328907993057,-0.028985507246376836,-0.059902200488997456,-0.1860902255639098,-0.081081081081081,0.0,0.3760060117394295,-0.16730566790840762,-1.2790322177370133,-1.6801237242205607,-0.3171789424843671,-0.1084114258343945,1,1,0,0,0,0,0,0,-1,-1,0,0,1,1,-1,-1,0,0,2,2,2,2,1
2020-12-31,262.045,6.7,80.7,3.86,0.8,0.09,0.0043463096611488766,0.0,0.04941482444733416,-0.10854503464203237,0.1764705882352941,0.0,1.3143642711548027,-0.03342907373384779,0.9691328753265981,-0.9692416442393991,0.5222139648228634,-0.10841142583439455,1,1,0,0,0,0,1,0,0,0,0,0,2,1,0,0,0,0,1,2,1,0,2
2021-01-31,262.639,6.4,79.0,3.84,1.0,0.09,0.0022667862390047286,-0.044776119402985044,-0.021065675340768312,-0.005181347150259072,0.24999999999999994,0.0,0.37200359018404006,-0.23806119769430328,-0.46719475426652535,-0.07049898658388112,0.7595948444627437,-0.11079724136431376,1,1,0,0,0,0,0,0,0,0,0,0,1,1,0,0,0,0,1,2,1,0,2
2021-02-28,263.573,6.2,76.8,3.57,1.3,0.08,0.0035562121390957514,-0.03125000000000003,-0.027848101265822822,-0.07031250000000001,0.30000000000000004,-0.11111111111111106,0.9600800367110316,-0.17592293002517,-0.6017440963329439,-0.643731369361672,0.914406179125254,-0.7020936775144523,1,1,0,0,0,0,0,0,0,0,0,0,1,1,0,0,0,0,1,2,1,0,2
2021-03-31,264.847,6.1,84.9,3.36,1.58,0.07,0.004833575517977946,-0.016129032258064602,0.10546875000000011,-0.0588235294117647,0.2153846153846154,-0.12499999999999993,1.5351456165941006,-0.10670792673707688,2.123420450943558,-0.5422617417907379,0.6291257676785861,-0.7723705661801326,1,1,0,0,1,0,1,0,2,0,0,0,2,1,2,0,1,0,2,3,1,1,2
2021-04-30,266.625,6.1,88.3,3.28,1.49,0.07,0.0067133099487629464,0.0,0.040047114252061145,-0.023809523809523832,-0.05696202531645574,0.0,2.391174645424256,-0.03310269785077839,0.7605443299448057,-0.23206941892773525,-0.25572212295293767,-0.11086751373585124,1,1,1,0,1,0,2,0,0,0,0,0,3,1,1,0,1,0,2,3,1,1,2
2021-05-31,268.404,5.8,82.9,3.34,1.44,0.06,0.006672292545710254,-0.04918032786885243,-0.061155152887882126,0.018292682926829285,-0.0335570469798658,-0.14285714285714296,2.33064725096315,-0.2552497715855481,-1.3235251325430497,0.13671549849789755,-0.17832082215102935,-0.8893937557150234,1,0,0,0,1,0,2,0,-1,0,0,0,3,0,-1,0,1,0,0,1,2,2,3
2021-06-30,270.71,5.9,85.5,3.04,1.2,0.08,0.008591526206762876,0.01724137931034492,0.031363088057901015,-0.08982035928143707,-0.16666666666666666,0.3333333333333334,3.112134868270812,0.04677140066033995,0.6015533189658369,-0.8034722592565563,-0.6072618747422126,1.6584898914975394,1,0,0,0,0,0,2,0,0,0,0,1,3,0,0,0,0,1,1,2,1,0,2
2021-07-31,271.965,5.4,81.2,3.32,1.05,0.1,0.004635957297476989,-0.0847457627118644,-0.05029239766081868,0.09210526315789468,-0.12499999999999993,0.25000000000000006,1.3005130288466897,-0.41488804183753525,-1.0913075011920834,0.7953238257017822,-0.46648553213510874,1.1849203743719106,1,0,0,0,0,0,1,0,-1,0,0,1,2,0,-1,0,0,1,1,2,2,1,2
2021-08-31,272.752,5.1,70.3,3.21,1.1,0.09,0.002893754711084274,-0.055555555555555684,-0.1342364532019705,-0.03313253012048189,0.04761904761904766,-0.10000000000000009,0.555192105974379,-0.2798462843350888,-2.8807028748121764,-0.30061624666790077,0.08935844570597251,-0.6863119667087041,1,0,-1,0,0,0,0,0,-2,0,0,0,1,0,-3,0,0,0,0,1,2,1,3
2021-09-30,273.942,4.7,72.8,3.15,1.24,0.08,0.004362937760309723,-0.07843137254901951,0.03556187766714083,-0.018691588785046745,0.12727272727272718,-0.11111111111111106,1.1725756555180933,-0.38105714102135035,0.6771881663772594,-0.15493642443392674,0.34000790393060387,-0.7344085804434236,1,0,0,0,0,0,1,0,0,0,0,0,2,0,0,0,0,0,0,1,1,0,2
2021-10-31,276.528,4.5,71.7,3.15,1.07,0.08,0.009439954442911319,-0.042553191489361736,-0.015109890109890032,0.0,-0.13709677419354832,0.0,3.276271513611612,-0.21581128051553253,-0.3764717180029914,0.025728045352399552,-0.5202960359413203,-0.14067227776283195,1,0,-1,0,0,0,2,0,0,0,0,0,3,0,-1,0,0,0,0,1,2,1,3
2021-11-30,278.824,4.2,67.4,3.67,0.91,0.08,0.008302956662616415,-0.06666666666666662,-0.059972105997210555,0.1650793650793651,-0.14953271028037385,0.0,2.657036521042082,-0.3239257301805426,-1.3110085693755038,1.5196097931271153,-0.5523917746648563,-0.1467048047575083,1,0,-1,0,0,0,2,0,-1,1,0,0,3,0,-2,1,0,0,0,2,3,1,3
2021-12-31,280.806,3.9,70.6,3.1,0.79,0.08,0.00710842682122045,-0.0714285714285715,0.04747774480712149,-0.15531335149863756,-0.13186813186813187,0.0,2.097075121362523,-0.34365071292647964,0.9583841952192369,-1.3993500259584484,-0.4921421667756091,-0.1404746697369497,1,-1,-1,0,0,0,2,0,0,-1,0,0,3,-1,-1,-1,0,0,1,1,3,3,3
2022-01-31,282.542,4.0,67.2,3.63,0.61,0.08,0.006182204083958285,0.025641025641025664,-0.04815864022662878,0.1709677419354838,-0.22784810126582283,0.0,1.686698739285471,0.0968023159575041,-1.046004951528741,1.555523747704417,-0.8001427799047138,-0.14653397478168936,1,0,-1,0,0,0,1,0,-1,1,0,0,2,0,-2,1,0,0,0,2,3,1,3
2022-02-28,284.525,3.8,62.8,3.77,0.39,0.08,0.007018425579205938,-0.050000000000000044,-0.06547619047619056,0.038567493112947694,-0.360655737704918,0.0,1.973075268932744,-0.24639623856126272,-1.3989532034293528,0.34081433338455935,-1.218737134412471,-0.14027809623941961,1,-1,-1,0,-1,0,1,0,-1,0,-1,0,2,-1,-2,0,-2,0,0,1,4,2,3
2022-03-31,287.467,3.7,59.4,3.43,0.04,0.2,0.010340040418240954,-0.02631578947368412,-0.05414012738853501,-0.09018567639257291,-0.8974358974358975,1.5,3.162436687809564,-0.1375994149445847,-1.1360095820266831,-0.8226643175065315,-2.912997015042581,8.101473831023371,1,-1,-1,0,-1,0,2,0,-1,0,-2,2,3,-1,-2,0,-3,2,1,2,4,2,3
2022-04-30,288.582,3.7,65.2,3.97,0.19,0.33,0.003878706077567196,0.0,0.09764309764309771,0.15743440233236153,3.75,0.65,0.7044961197899071,-0.018334148621149158,2.071787302747432,1.4003777239192192,11.544943502539267,2.735116465891634,2,-1,-1,0,-1,0,0,0,2,1,2,2,2,-1,1,1,1,2,2,4,3,2,2
2022-05-31,291.299,3.6,58.4,4.22,0.32,0.77,0.009415001628653155,-0.02702702702702705,-0.10429447852760743,0.06297229219143566,0.6842105263157895,1.3333333333333333,2.671201822157867,-0.1402638761991687,-2.1514985749678432,0.5403254862492842,1.3664446263768495,5.575722650762431,2,-1,-2,0,-1,0,2,0,-2,0,1,2,4,-1,-4,0,0,2,1,2,3,2,3
2022-06-30,295.072,3.6,50.0,5.87,0.06,1.21,0.01295232733377054,0.0,-0.14383561643835616,0.3909952606635072,-0.8125,0.5714285714285714,3.819901558846744,-0.01731666962633647,-2.896173176927977,3.4778666446227593,-1.8096332775557993,2.008381542645283,2,-1,-2,1,-1,0,2,0,-2,2,-1,2,4,-1,-4,3,-2,2,1,3,5,2,3
2022-07-31,294.94,3.5,51.5,4.83,-0.22,1.68,-4.4734844376967316E-4,-0.0277777777777778,0.03,-0.17717206132879046,-4.666666666666667,0.3884297520661157,-0.8560699991091165,-0.14262321839554964,0.6318611569975744,-1.5541413439857987,-9.776390323915821,1.266586312002337,2,-1,-2,0,-1,1,0,0,0,-1,-2,1,2,-1,-2,-1,-3,2,2,2,4,3,3
2022-08-31,295.162,3.6,58.2,5.03,-0.3,2.33,7.526954634840306E-4,0.0285714285714286,0.13009708737864084,0.04140786749482405,0.3636363636363636,0.386904761904762,-0.45577392346853723,0.11260486755621325,2.605572915999139,0.31528200516664373,0.5606484363603863,1.240567086264923,2,-1,-2,0,-1,1,0,0,2,0,0,1,2,-1,0,0,-1,2,1,2,3,1,3
2022-09-30,296.421,3.5,58.6,5.43,-0.39,2.56,0.004265454225137431,-0.0277777777777778,0.0068728522336769515,0.07952286282306152,0.3000000000000001,0.09871244635193133,0.7241694564072019,-0.14309512149833034,0.14533861880187285,0.6321003510575447,0.4576050212824669,0.14067375285887884,2,-1,-2,0,-1,1,0,0,0,0,0,0,2,-1,-2,0,-1,1,1,2,4,2,3
2022-10-31,297.979,3.6,59.9,4.63,-0.41,3.08,0.005256037865063517,0.0285714285714286,0.02218430034129688,-0.14732965009208102,0.05128205128205118,0.203125,1.0562729492970644,0.11072743151744377,0.4502114138132569,-1.2903257213050554,0.07009324769838908,0.530714253255788,2,-1,-1,0,-1,1,1,0,0,-1,0,0,3,-1,-1,-1,-1,1,2,2,4,3,3
2022-11-30,298.708,3.6,56.7,4.55,-0.7,3.78,0.0024464811278648558,0.0,-0.05342237061769609,-0.01727861771058317,0.7073170731707317,0.22727272727272718,0.11306589876703689,-0.01922502871396344,-1.01335966572013,-0.18318274020824074,1.082008136040552,0.6187109398730393,2,-1,-2,0,-2,2,0,0,-1,0,1,0,2,-1,-3,0,-1,2,1,2,4,2,3
2022-12-31,298.808,3.5,59.8,4.81,-0.53,4.1,3.347750980889895E-4,-0.0277777777777778,0.05467372134038791,0.0571428571428571,-0.24285714285714277,0.08465608465608462,-0.6024136109081778,-0.14500356063164863,1.0935772462007773,0.44170104537318094,-0.3922880650777641,0.07824832754417922,2,-1,-1,0,-2,2,0,0,1,0,0,0,2,-1,0,0,-2,2,1,2,3,1,3
2023-01-31,300.456,3.5,64.9,4.3,-0.69,4.33,0.005515247249069719,0.0,0.085284280936455,-0.106029106029106,0.30188679245283,0.05609756097560987,1.1262298200109075,-0.017686100181008284,1.6872160477771498,-0.9331861409885356,0.44883309454984927,-0.031034389210423355,2,-1,-1,0,-2,2,1,0,1,0,0,0,3,-1,0,0,-2,2,1,2,3,1,3
2023-02-28,301.476,3.6,66.9,4.22,-0.89,4.57,0.0033948398434379135,0.0285714285714286,0.03081664098613251,-0.018604651162790715,0.28985507246376824,0.05542725173210167,0.40597730449446706,0.11166036555605234,0.5950865710688356,-0.19801066727106187,0.42803555535439425,-0.03925765628295292,2,-1,-1,0,-2,2,0,0,0,0,0,0,2,-1,-1,0,-2,2,1,2,4,2,3
2023-03-31,301.643,3.5,62.0,4.58,-0.58,4.65,5.539412755906711E-4,-0.0277777777777778,-0.0732436472346787,0.08530805687203799,-0.3483146067415731,0.017505470459518613,-0.5346484784103237,-0.1449988933045888,-1.4324873910543878,0.6726551583842577,-0.5551562948234808,-0.1806942244697622,2,-1,-1,0,-2,2,0,0,-1,0,0,0,2,-1,-2,0,-2,2,1,2,4,2,3
2023-04-30,302.858,3.4,63.7,4.53,-0.6,4.83,0.004027940313549566,-0.0285714285714286,0.027419354838709723,-0.01091703056768555,0.03448275862068969,0.03870967741935478,0.6217739006270196,-0.14850974750929202,0.5432584329169682,-0.1393733008184756,0.0359735417618822,-0.10404883134230762,2,-1,-1,0,-2,2,0,0,0,0,0,0,2,-1,-1,0,-2,2,1,2,4,2,3
2023-05-31,303.316,3.6,59.0,4.69,-0.76,5.06,0.0015122598709625301,0.05882352941176476,-0.07378335949764525,0.03532008830022078,0.2666666666666667,0.04761904761904752,-0.2455532585549857,0.24727182674859563,-1.4262685616772526,0.24328181877698657,0.38994355458392116,-0.06964784264630688,2,-1,-2,0,-2,2,0,0,-1,0,0,0,2,-1,-3,0,-2,2,1,2,4,2,3
2023-06-30,304.099,3.6,64.2,4.05,-1.06,5.08,0.0025814661936726566,0.0,0.08813559322033904,-0.13646055437100224,0.3947368421052632,0.003952569169960566,0.11470024363679161,-0.02075187551284922,1.7566145628260934,-1.1938648729332686,0.5858896515590608,-0.2446469539708424,2,-1,-1,0,-2,2,0,0,1,-1,0,0,2,-1,0,-1,-2,2,2,2,3,2,3
2023-07-31,304.615,3.5,71.5,3.79,-0.91,5.12,0.0016968158395786227,-0.0277777777777778,0.11370716510903423,-0.06419753086419748,-0.14150943396226418,0.007874015748031503,-0.18678331331342657,-0.1460146542474961,2.213491212491184,-0.5706538473994687,-0.23788751862178578,-0.23653116934082732,2,-1,-1,0,-2,2,0,0,2,0,0,0,2,-1,1,0,-2,2,2,3,3,1,2
2023-08-31,306.138,3.7,69.4,3.85,-0.76,5.33,0.004999753787567808,0.0571428571428572,-0.02937062937062929,0.015831134564643815,-0.16483516483516486,0.04101562499999999,0.937330234440113,0.23697187760073285,-0.555510478366303,0.09514787742090307,-0.27090828269538253,-0.11137103153922741,2,-1,-1,0,-2,2,0,0,0,0,0,0,2,-1,-1,0,-2,2,1,2,4,2,3
2023-09-30,307.374,3.8,67.8,4.03,-0.44,5.33,0.004037394900339216,0.02702702702702693,-0.023054755043227786,0.0467532467532468,-0.42105263157894735,0.0,0.600430196077935,0.09848437339794687,-0.4370818996305948,0.3532348260883107,-0.6597711529203633,-0.2719198859159319,2,-1,-1,0,-1,2,0,0,0,0,0,0,2,-1,-1,0,-1,2,1,2,4,2,3
2023-10-31,307.653,3.9,63.8,4.42,-0.19,5.33,9.076890042749105E-4,0.026315789473684237,-0.058997050147492625,0.09677419354838701,-0.5681818181818182,0.0,-0.4705984175005125,0.09425874177372921,-1.1277999936246759,0.7687096085859102,-0.8780856701806627,-0.2719198859159319,2,-1,-1,0,-1,2,0,0,-1,0,0,0,2,-1,-2,0,-1,2,1,2,4,2,3
2023-11-30,308.087,3.7,61.3,3.84,-0.36,5.33,0.0014106802143972886,-0.05128205128205122,-0.03918495297805643,-0.13122171945701358,0.894736842105263,0.0,-0.3013273977459086,-0.2565588067614466,-0.7498836072586337,-1.1502630116241828,1.3565311978890864,-0.2679348826018033,2,-1,-1,0,-1,2,0,0,0,-1,1,0,2,-1,-1,-1,0,2,2,2,3,3,3
2023-12-31,308.735,3.8,69.7,3.39,-0.35,5.33,0.0021033019893732115,0.02702702702702693,0.13703099510603597,-0.11718749999999993,-0.027777777777777804,0.0,-0.06517874090885116,0.0968262152890698,2.60725003951827,-1.0198325686072351,-0.056246295927924475,-0.2719081167682639,2,-1,-1,0,-1,2,0,0,2,-1,0,0,2,-1,1,-1,-1,2,3,3,3,2,1
2024-01-31,309.794,3.7,79.0,3.59,-0.28,5.33,0.003430126159975283,-0.02631578947368412,0.13342898134863698,0.05899705014749254,-0.19999999999999987,0.0,0.3862348952486551,-0.1457462220805276,2.498641322229358,0.4476415098920505,-0.31485902366992186,-0.26791726079168254,2,-1,0,0,-1,2,0,0,2,0,0,0,2,-1,2,0,-1,2,2,3,3,1,2
2024-02-29,311.022,3.9,76.9,3.29,-0.39,5.33,0.003963924414288233,0.05405405405405398,-0.026582278481012585,-0.08356545961002781,0.3928571428571428,0.0,0.5640418924100227,0.2169853030988941,-0.5090146302832652,-0.7346227570553303,0.5807719440624346,-0.2763112232122654,2,-1,0,0,-1,2,0,0,0,0,0,0,2,-1,0,0,-1,2,1,2,3,1,3
2024-03-31,312.107,3.9,79.4,3.15,-0.39,5.33,0.0034884992058440765,0.0,0.03250975292587776,-0.04255319148936174,-0.0,0.0,0.39461172178034276,-0.028138933776664966,0.5747670054221414,-0.3957011623792314,-0.01698576730437396,-0.27631122321226537,2,-1,0,0,-1,2,0,0,0,0,0,0,2,-1,0,0,-1,2,1,2,3,1,3
2024-04-30,313.016,3.9,77.2,3.18,-0.35,5.33,0.0029124627131079783,0.0,-0.027707808564231773,0.009523809523809603,-0.10256410256410266,0.0,0.19533241026171586,-0.028138933776664966,-0.5317479219386475,0.03843863363792036,-0.17174927811245155,-0.27176640109813666,2,-1,0,0,-1,2,0,0,0,0,0,0,2,-1,0,0,-1,2,1,2,3,1,3
2024-05-31,313.14,4.0,69.1,3.2,-0.38,5.33,3.96145883916371E-4,0.025641025641025664,-0.10492227979274622,0.0062893081761006345,0.0857142857142858,0.0,-0.6592417053539658,0.08466982027006914,-1.9324168438145117,0.009869985479257293,0.113017433762142,-0.26775773504849665,2,0,-1,0,-1,2,0,0,-1,0,0,0,2,0,-2,0,-1,2,1,2,3,1,3
2024-06-30,313.131,4.1,68.2,3.21,-0.35,5.33,-2.8741138149117175E-5,0.02499999999999991,-0.013024602026049081,0.0031249999999999334,-0.0789473684210527,0.0,-0.7974152749374397,0.08141979192622377,-0.2371379107890231,-0.017544507721135118,-0.13694262255421003,-0.26775773504849665,2,0,-1,0,-1,2,0,0,0,0,0,0,2,0,-1,0,-1,2,1,2,3,1,3
2024-07-31,313.566,4.2,66.4,3.25,-0.2,5.33,0.0013891949375820418,0.024390243902439157,-0.0263929618768328,0.012461059190031164,-0.4285714285714285,0.0,-0.3138794490785863,0.07654554289362903,-0.4748818337672971,0.0570416705489888,-0.6629585653619738,-0.26417392348170854,2,0,-1,0,-1,2,0,0,0,0,0,0,2,0,-1,0,-1,2,1,2,3,1,3
2024-08-31,314.131,4.2,67.9,3.17,0.0,5.33,0.001801853517281841,0.0,0.02259036144578313,-0.024615384615384636,-1.0,0.0,-0.17555178538979532,-0.033751646731486465,0.4099175748085579,-0.24277119020357987,-1.5156832213518583,-0.26774511876814233,2,0,-1,0,-1,2,0,0,0,0,-1,0,2,0,-1,0,-2,2,1,2,3,1,3
2024-09-30,314.851,4.1,70.1,3.03,0.15,5.13,0.0022920373984103046,-0.023809523809523937,0.03240058910161986,-0.04416403785488963,,-0.03752345215759853,-0.015814379766525024,-0.1417402716016576,0.5840488822835082,-0.4078351124262595,,-0.41110278256602,2,0,-1,-1,-1,2,0,0,0,0,0,0,2,0,-1,-1,-1,2,2,2,3,2,3
2024-10-31,315.564,4.1,70.5,2.88,0.12,4.83,0.002264563237849085,0.0,0.005706134094151294,-0.04950495049504948,-0.2,-0.05847953216374266,-0.031441017022508226,-0.03469859638492696,0.10273268168518405,-0.4415137545302897,-0.29656336892117596,-0.4897705827133387,2,0,-1,-1,-1,2,0,0,0,0,0,0,2,0,-1,-1,-1,2,2,2,3,2,3
2024-11-30,316.449,4.2,71.8,2.74,0.05,4.64,0.002804502414724084,0.024390243902439157,0.0184397163120567,-0.048611111111111,-0.5833333333333333,-0.0393374741200829,0.14511021202631721,0.07404406273712913,0.33521987804618775,-0.43187288950444325,-0.8629125329167256,-0.4145141482417769,2,0,-1,-1,-1,2,0,0,0,0,0,0,2,0,-1,-1,-1,2,2,2,3,2,3
2024-12-31,317.603,4.1,74.0,2.92,0.33,4.48,0.00364671716453519,-0.023809523809523937,0.03064066852367692,0.0656934306569342,5.6000000000000005,-0.034482758620689495,0.42199839278481566,-0.14363536641631267,0.5554194184930648,0.5368401674209666,8.286023638325966,-0.39456784986558235,2,0,0,-1,-1,2,0,0,0,0,2,0,2,0,0,-1,1,2,2,2,1,2,1
2025-01-31,319.086,4.0,71.7,2.68,0.36,4.33,0.0046693513600312465,-0.02439024390243894,-0.03108108108108104,-0.08219178082191773,0.09090909090909081,-0.03348214285714293,0.7647543440325064,-0.14666606920804576,-0.5535934082880604,-0.7044555074245469,0.056509555766573474,-0.38046450183364544,2,0,-1,-1,-1,2,0,0,0,0,0,0,2,0,-1,-1,-1,2,2,2,3,2,3
2025-02-28,319.775,4.1,64.7,2.87,0.25,4.33,0.0021592924791434425,0.02499999999999991,-0.09762900976290097,0.07089552238805968,-0.3055555555555555,0.0,-0.14693358163655587,0.07772195277140054,-1.746348394312938,0.5897152861792179,-0.412474293312288,-0.2540549595819283,2,0,-1,-1,-1,2,0,0,-1,0,0,0,2,0,-2,-1,-1,2,2,2,3,2,3
2025-03-31,319.615,4.2,57.0,3.55,0.34,4.33,-5.003518098662127E-4,0.024390243902439157,-0.11901081916537871,0.23693379790940755,0.3600000000000001,0.0,-1.1089875886295042,0.07272256134596233,-2.0978874240566956,1.9781002134622017,0.3742074298396578,-0.25405495958192836,2,0,-2,0,-1,2,-1,0,-2,1,0,0,1,0,-4,1,-1,2,1,3,4,1,3
2025-04-30,320.321,4.2,52.2,3.94,0.57,4.33,0.0022089075919466145,0.0,-0.08421052631578943,0.1098591549295775,0.6764705882352938,0.0,-0.1175796797237922,-0.038913012318520374,-1.4366699631578628,0.8823267664111452,0.7421222328350058,-0.25405495958192836,2,0,-2,0,0,2,0,0,-1,0,0,0,2,0,-3,0,0,2,1,2,2,1,2
2025-05-31,320.321,4.2,52.2,3.32,0.52,4.33,0.0,0.0,0.0,-0.15736040609137059,-0.08771929824561392,0.0,-0.9180574329787351,-0.038913012318520374,0.05928054762975671,-1.3475683327004297,-0.1610037777129491,-0.25109453448346153,2,0,-2,0,0,2,0,0,0,-1,0,0,2,0,-2,-1,0,2,2,2,2,2,1
2025-06-30,320.321,4.2,52.2,3.23,0.5,4.33,0.0,0.0,0.0,-0.027108433734939718,-0.03846153846153849,0.0,-0.9052680492199076,-0.037522946460504865,0.051568917764117005,-0.2543538307616982,-0.10214085119277357,-0.25109453448346153,2,0,-2,0,0,2,0,0,0,0,0,0,2,0,-2,0,0,2,1,2,2,1,2
